100,98.1382,97.5509,99.9573,100.584,102.715,102.817,101.427,104.327,101.718,100.676,100.812,103.087,103.26,101.882,101.548,103.364,104.303,103.278,104.137,103.197,104.386,101.631,100.162,99.4615,98.6562,98.6183,98.9298,98.2211,97.6887,96.0414,98.5923,99.9323,97.6727,98.5384,97.1672,95.8077,94.7148,95.0944,94.8418,92.6824,94.5616,97.3574,99.2277,100.817,99.7702,100.604,101.685,102.54,99.4964,100.051,99.3798,99.9699,99.574,99.6024,96.942,97.7261,97.8098,94.9095,94.2359,91.628,91.2877,90.7631,94.4953,96.8931,95.2392,93.4942,93.6706,92.7326,90.7831,90.1434,91.0414,92.96,91.2022,91.5797,89.3395,88.0054,87.8236,86.0631,84.1946,85.0525,84.6537,84.1816,84.9569,86.3381,84.7661,84.6535,85.2726,86.3499,86.1209,86.108,85.7295,84.4462,82.3762,82.0792,82.9164,81.7079,80.2336,79.7632,78.8989
100,99.368,96.055,94.2872,95.3574,96.2886,96.5093,97.5159,97.1193,95.3778,96.9448,95.1814,92.0296,92.9986,95.0024,94.5632,94.7595,94.2455,94.3025,95.1701,94.9507,94.8409,97.7997,98.117,98.5504,100.312,98.9388,98.1073,97.5016,96.5536,95.6268,96.33,98.5779,99.0788,98.4878,96.3972,94.2318,92.2995,93.7336,94.5895,95.3488,95.5452,93.4436,95.3767,97.4306,99.1409,100.459,99.8547,100.827,103.125,105.155,107.995,110.074,110.741,110.924,109.941,113.763,113.529,113.282,112.422,109.109,109.203,107.38,106.732,104.642,103.38,105.469,107.561,105.166,103.918,104.464,104.945,104.538,102.788,103.536,102.345,98.2008,97.1142,97.4164,98.0296,99.4482,97.5019,98.8243,98.013,98.5287,101.12,101.121,102.541,104.298,104.756,105.305,101.15,100.193,101.25,100.177,100.466,99.2852,98.0658,97.3157,97.8209
100,98.4161,99.2204,97.2338,96.4702,96.6728,96.2848,97.5378,98.1668,97.6577,97.8665,98.4163,98.2021,99.1394,98.8909,98.0061,97.3706,96.8875,95.2948,95.2126,95.647,97.0415,96.2868,94.3363,94.1845,95.5863,94.9693,97.7132,96.6199,95.8077,97.8568,97.9056,98.7426,97.2011,96.365,96.5227,97.9046,95.7995,95.6723,96.3795,97.1384,97.0198,97.3314,96.3081,96.9465,97.9935,96.923,98.1073,98.5869,97.7482,101.834,100.834,101.537,102.884,102.506,103.511,104.33,104.262,105.56,105.229,106.688,108.073,105.534,104.48,107.085,111.041,110.295,109.487,108.091,107.566,104.719,106.464,106.194,107.088,108.376,108.826,106.88,106.07,103.788,103.428,106.988,109.899,110.38,109.163,109.583,109.994,108.962,107.231,107.837,108.199,105.656,104.746,102.018,102.987,103.295,103.717,106.691,106.694,108.067,109.171
100,100.489,100.819,101.465,101.486,101.254,102.849,103.286,101.149,102.091,105.252,103.764,102.812,103.074,105.932,103.52,105.817,104.469,106.05,106.747,111.138,112.781,114.104,113.877,110.921,108.665,109.952,111.16,111.292,113.987,111.834,112.999,112.604,114.42,116.777,117.029,117.143,115.583,115.249,115.551,117.614,120.242,120.606,117.885,116.149,116.05,117.319,115.432,112.469,111.179,112.534,115.656,115.922,114.511,115.921,119.06,120.99,117.872,117.073,118.005,118.706,118.594,118.358,116.662,117.929,114.718,114.027,112.318,110.896,113.325,112.022,110.512,110.911,111.68,115.101,114.288,110.644,111.646,113.841,113.203,114.309,116.927,117.313,118.463,118.413,118.933,120.589,120.547,119.273,118.333,117.455,118.982,117.892,119.94,121.409,119.981,119.501,119.575,123.124,120.351
100,98.6544,99.5022,99.7797,99.5694,97.9792,98.4237,100.041,99.3051,99.9966,101.734,101.738,99.778,99.4187,99.8114,97.3123,96.7391,97.6162,99.0203,98.162,97.5696,95.5682,95.4682,93.6704,95.0132,96.1544,95.7227,95.435,95.9308,98.0374,99.3404,103.086,102.157,102.923,99.3028,98.5854,98.2783,99.0393,98.7333,100.775,101.921,101.462,102.183,101.629,103.421,101.016,99.3154,99.8092,98.6129,97.074,96.2378,97.3935,98.5591,100.419,100.054,99.3431,99.4703,97.3289,94.277,93.1655,93.4712,98.1559,100.079,98.933,98.8706,98.6009,98.2457,99.9242,99.802,98.1613,99.8436,102.358,101.401,105.425,107.878,108.13,110.485,110.307,110.654,108.394,105.478,105.797,108.469,109.497,106.932,107.765,110.055,107.571,107.267,107.334,108.254,106.165,106.802,107.833,109.442,111.415,112.997,112.386,117.507,116.591
100,101.279,100.097,100.467,100.205,100.147,98.0214,98.8719,99.944,97.7232,97.8321,99.6153,98.3695,97.2192,100.092,101.369,101.086,100.965,103.011,102.127,103.035,101.713,102.091,100.176,99.1614,102.481,104.891,104.884,103.382,102.184,101.734,102.633,101.289,102.223,101.553,102.179,102.621,103.646,103.698,102.918,100.444,97.3704,96.4782,95.3074,93.0059,91.6931,91.0075,91.907,91.6489,89.1799,89.8588,90.1204,88.4466,88.7364,88.0775,88.1048,88.8362,90.6047,90.2712,88.1481,88.5561,89.4299,91.3966,92.3581,89.8248,88.415,89.0085,88.1623,87.2946,86.253,87.4416,85.5174,86.4551,86.3287,87.7272,88.7905,89.1176,90.0887,91.1601,91.2273,93.0041,94.0809,95.268,93.3941,93.2397,95.7751,93.9208,95.5193,99.5175,100.063,99.4218,99.2584,97.9071,97.6765,97.413,99.6105,97.6524,97.4072,97.2788,96.4006
100,98.9283,99.0821,98.4703,99.1685,97.205,95.9606,94.7431,92.6141,92.7112,93.5592,93.1043,95.6021,96.2999,93.2996,94.7121,94.1588,95.1182,94.2686,95.0808,94.7596,93.0078,95.4293,94.6689,94.3632,93.5487,93.3177,94.006,92.8925,93.547,95.7058,96.8951,96.8118,95.9995,95.7597,96.6781,95.1316,94.8305,91.9234,91.9732,92.1573,94.1695,93.2566,91.81,92.3401,92.9166,93.1986,93.2926,93.7607,94.903,96.4877,95.2065,96.8733,96.6527,96.9436,96.6081,98.175,98.1227,97.3388,96.1376,97.6076,94.8596,96.4408,95.8662,94.3694,94.6873,94.546,92.8499,91.71,91.9596,91.3953,91.6832,92.7286,92.0306,92.7172,91.4074,88.8817,88.5843,87.3307,89.138,90.0028,90.4079,93.7574,93.1978,90.9328,88.9495,88.011,87.9261,88.3358,89.3782,88.9055,87.3466,87.197,87.6021,89.092,88.7629,90.3048,92.6398,93.1604,92.5069
100,99.0578,98.4177,98.0475,97.7522,99.2274,97.0245,95.0854,93.8555,95.1174,92.9902,91.9351,91.9227,92.5616,91.8097,92.3377,90.9584,92.0225,90.746,88.4714,87.5946,91.7256,93.0335,93.7392,95.1948,93.9288,96.205,92.2306,93.6385,95.7615,94.8333,93.2544,89.9401,89.7916,88.5582,90.3892,87.798,89.0185,90.026,90.2005,90.6575,88.7378,89.7213,89.7178,92.0966,91.4566,90.2632,90.1024,90.653,89.4218,91.0008,92.0915,90.5724,91.0903,92.9581,93.0291,95.1239,92.3017,93.3297,95.0729,94.7212,93.0675,93.5122,89.5245,89.4086,89.8056,91.0421,90.6048,90.4667,89.4597,89.6069,91.1911,91.7366,92.4703,92.586,89.9253,87.9668,87.0835,84.1033,85.1407,85.251,86.0444,90.2719,88.7183,86.5936,86.4915,84.9166,87.4089,86.1151,85.6739,84.9393,85.9805,85.5218,83.3358,84.3018,84.0674,81.3622,81.127,77.2512,77.1672
100,97.5961,96.9833,96.3041,96.0908,95.1453,97.0262,95.1678,95.3531,97.1798,96.9217,97.5253,96.2707,96.3854,97.0264,98.8158,99.1099,100.042,100.951,101.789,103.208,106.044,106.581,106.993,106.53,103.667,101.773,101.869,103.482,104.723,103.218,102.352,104.246,102.227,100.474,97.5631,97.8822,96.3898,95.9148,94.1933,95.2875,97.0617,96.2555,94.7548,95.8753,94.9027,96.3212,96.4175,96.4436,95.8154,95.4554,93.8161,94.1484,95.7443,95.6023,97.5951,97.3469,97.3973,95.8836,96.5888,100.196,101.07,102.752,103.093,105.169,104.404,105.09,103.763,105.473,105.765,106.407,110.613,112.733,112.772,108.832,107.46,111.372,112.795,114.837,117.661,118.529,116.082,120.083,117.778,117.933,118.457,117.456,117.49,117.519,119.419,116.692,118.878,119.803,120.772,120.301,118.558,120.666,118.815,119.363,116.473
100,98.4022,99.2188,97.1601,94.8493,96.1047,96.8463,95.9928,96.7946,97.7495,98.6503,99.5759,99.7583,99.9016,99.1986,98.9606,99.8483,99.8548,100.455,102.855,102.56,101.756,101.559,102.031,100.319,99.5226,98.9181,100.005,100.074,99.6735,99.5327,101.438,99.7576,99.5582,100.473,103.45,102.4,101.577,98.525,99.378,98.8881,100.067,100.035,102.405,103.38,102.83,101.521,102.434,101.947,103.37,106.304,108.065,108.603,108.16,108.367,106.459,106.004,107.12,106.123,106.061,107.39,110.691,112.961,112.535,109.945,108.879,107.033,105.881,105.348,104.407,103.873,104.74,106.403,108.98,108.542,107.382,107.387,108.649,107.231,108.158,109.572,110.951,109.837,109.579,108.177,108.42,109.083,109.312,111.166,113.734,117.206,118.717,116.324,119.057,119.592,120.95,116.859,114.105,114.726,114.915
100,99.8106,98.7367,98.0277,96.6283,96.6072,95.0541,96.7457,95.0022,95.6262,96.4398,95.5333,96.5612,97.4773,95.9394,97.0876,97.4576,98.5302,100.645,99.8924,101.675,101.884,102.196,100.822,98.8076,96.397,97.0198,98.6685,99.8104,100.33,100.661,102.478,102.915,105.187,105.38,104.287,102.159,104.01,102.617,103.798,104.042,103.579,106.218,107.278,106.359,105.327,105.477,107.434,105.754,105.625,107.353,106.772,107.065,106.715,106.641,105.473,106.18,105.346,103.241,100.659,101.105,103.135,101.941,104.652,104.187,103.692,102.948,101.142,100.695,102.148,103.338,102.843,104.468,103.445,105.37,104.319,105.129,106.063,104.899,101.871,104.01,101.619,99.3607,99.6322,98.5628,98.9839,100.342,101.904,99.5848,100.97,103.608,103.467,103.819,101.746,100.619,100.592,102.009,101.319,101.997,102.321
100,100.891,103.107,104.347,105.41,104.897,105.858,106.076,108.66,108.019,108.643,105.886,105.743,102.334,100.319,101.217,101.534,98.8442,97.375,96.6591,95.8975,96.2122,92.9771,94.1572,96.2108,94.6722,95.2653,93.2199,97.2871,95.7386,98.2318,97.1866,96.8465,96.5654,97.2633,97.5778,97.1421,96.9269,98.2649,97.2133,95.1197,97.0792,97.8223,97.5964,96.9477,97.9206,98.3248,96.8294,97.9827,94.9022,95.7901,98.9467,96.6818,97.3854,98.9851,98.7209,98.1264,98.9683,100.458,100.092,99.6757,98.9203,100.249,102.123,104.913,101.36,101.874,102.133,105.338,105.875,106.894,106.124,105.481,105.558,106.1,105.982,108.604,108.181,107.364,107.697,109.28,109.952,106.686,107.202,107.881,107.239,105.607,106.93,106.281,107.251,105.941,104.674,105.484,106.355,105.486,106.357,106.52,105.844,106.61,107.709
100,99.7464,99.0314,101.272,103.622,103.66,104.068,106.236,108.186,107.703,106.098,106.16,105.88,107.732,106.405,105.857,108.121,105.952,104.588,106.552,107.521,110.154,111.605,108.649,109.723,110.585,112.164,110.625,109.681,109.92,110.072,110.968,111.777,110.196,111.574,112.63,110.97,112.526,115.467,113.356,112.56,112.136,114.615,115.783,119.599,121.967,121.647,120.325,122.832,123.042,123.035,123.292,121.439,120.637,117.202,118.315,118.261,119.005,119.905,120.301,121.087,120.867,123.634,125.812,125.536,127.871,128.866,129.428,126.955,124.352,119.545,120.048,119.935,116.014,118.464,119.368,119.602,121.07,123.869,125.151,125.422,127.405,125.885,123.928,125.881,128.607,128.523,131.096,127.984,128.548,128.959,126.219,126.827,127.12,128.666,129.53,132.048,133.322,134.355,133.802
100,101.845,101.04,102.427,105.974,105.846,104.883,104.459,104.805,102.67,105.079,102.949,102.904,104.582,104.688,104.62,103.786,106.57,106.304,105.78,106.511,106.992,105.588,104.556,107.016,105.137,103.632,104.575,101.604,101.981,98.8487,100.695,101.001,101.678,99.8784,101.426,101.855,100.255,102.339,103.03,101.603,102.82,101.725,100.283,99.1169,97.8928,98.3569,96.808,95.6379,97.9377,98.9852,95.838,94.2365,93.7285,94.8981,94.4624,95.9287,95.2789,95.8851,99.2683,101.51,101.613,100.6,100.21,101.559,101.497,101.129,104.106,103.705,105.762,102.551,104.064,104.838,105.204,102.028,99.5829,97.6441,96.6167,97.8359,98.1319,96.7662,96.4083,97.2901,96.6108,99.3741,97.5543,96.8687,97.2105,97.8992,98.4578,98.9946,97.2669,96.2207,97.7281,95.7627,98.432,100.348,99.9783,103.328,101.168
100,100.217,99.1899,98.7399,97.7665,98.9286,98.0242,96.89,95.2538,95.6114,94.3944,93.7575,94.1475,96.3406,96.1196,96.8994,93.9985,94.1195,93.5129,92.7805,90.5341,89.2667,89.0285,90.0378,90.0054,89.3584,92.3298,93.6561,92.9032,91.7417,92.2154,89.8416,89.3412,91.8593,91.1166,90.7613,94.2187,96.0135,96.2179,97.4529,94.3395,96.7276,96.9919,97.1042,99.0686,101.446,101.389,101.679,103.225,101.789,101.317,99.6288,100.557,99.0173,100.998,102.536,100.81,104.335,101.72,101.494,104.372,106.206,108.51,111.963,114.178,113.122,111.737,113.597,114.819,115.442,115.787,115.203,114.394,113.477,115.107,117.578,120.357,123.969,123.402,124.287,125.332,121.554,120.957,120.636,119.586,118.508,121.408,121.434,120.064,120.163,118.785,117.191,118.903,123.154,123.784,122.312,123.836,125.733,124.975,125.351
100,98.9859,99.1087,98.25,98.4068,100.309,98.906,99.4149,100.293,100.503,101.114,99.7399,99.4038,98.4703,97.2859,95.1987,94.4539,95.1773,95.8511,97.9253,97.4097,98.4276,98.7164,102.788,105.842,104.372,104.189,106.394,105.823,102.942,103.261,102.974,103.408,104.169,105.944,106.186,105.299,103.877,104.366,106.068,107.157,107.692,107.594,104.866,105.694,106.687,107.992,108.964,110.715,112.025,109.772,110.984,110.297,112.391,112.768,114.331,112.512,110.149,112.514,111.637,110.224,108.701,105.808,103.732,105.063,103.693,104.027,104.145,105.452,106.298,107.21,104.491,105.055,105.452,106.31,107.206,105.871,105.075,105.169,103.477,102.416,103.69,103.297,102.386,103.712,103.132,103.277,102.091,103.634,102.713,102.37,104.767,106.564,105.9,104.113,106.339,106.107,106.081,104.496,103.916
100,102.533,103.41,103.171,103.953,103.824,102.966,105.212,106.088,105.018,104.381,104.868,106.106,105.709,104.676,105.529,107.663,106.71,105.96,105.763,106.901,106.637,108.092,106.811,108.427,110.967,111.861,112.569,112.564,112.29,109.393,111.142,110.036,108.315,108.674,108.827,110.205,110.268,109.475,107.255,105.976,105.598,105.813,102.284,101.912,102.422,101.253,103.239,104.555,104.601,103.41,102.869,104.747,105.809,104.178,102.51,101.446,100.996,99.6429,97.358,93.4792,91.5086,91.4162,93.8805,94.5318,96.7793,96.8229,98.3883,99.3151,98.6563,98.6297,98.5212,103.514,102.18,103.635,103.306,103.416,104.533,107.788,107.902,105.123,105.613,104.052,104.337,105.011,110.81,113.084,112.259,110.929,111.882,111.316,110.282,109.49,112.764,115.687,114.879,116.76,117.016,120.999,121.969
100,99.7842,96.7485,97.0991,101.032,101.348,101.691,101.238,101.717,101.653,102.218,101.746,101.671,102.338,105.19,104.283,103.859,105.969,105.709,105.77,105.801,106.511,107.654,106.435,107.402,106.222,106.351,108.56,108.533,108.798,109.309,109.101,108.281,107.943,108.603,110.058,110.463,107.011,107.066,106.008,106.983,107.452,107.518,109.36,109.996,112.184,110.471,111.536,108.536,108.532,107.663,104.407,102.731,101.102,103.221,100.603,102.472,101.899,101.909,101.906,100.285,100.068,99.6018,99.3629,98.0222,99.6956,100.942,104.875,107.941,106.6,107.896,107.612,108.78,108.592,109.516,108.37,107.284,107.931,106.766,106.376,104.28,103.389,103.886,102.043,104.806,102.701,102.948,104.187,101.813,102.32,102.756,100.723,101.677,100.638,102.789,103.191,104.356,106.13,107.032,105.362
100,99.2605,98.7421,97.2825,98.836,98.4435,100.034,98.5095,96.9505,94.9301,93.6826,92.2052,91.7854,93.0554,94.473,91.7032,93.3218,95.4902,92.0044,91.931,91.3947,90.5495,91.7733,91.7679,89.6305,89.2678,89.8296,90.0298,91.5771,90.2657,88.4005,89.2298,88.9909,89.7659,91.2322,91.6437,92.1788,93.9786,94.7954,94.2339,94.3801,96.6351,97.4102,96.3277,95.0488,95.5082,96.9757,95.6696,96.1014,93.238,95.4795,95.819,97.0453,95.9335,97.5502,100.125,100.829,103.766,104.844,105.464,102.44,104.284,103.997,105.713,104.764,100.951,99.7459,100.315,101.511,100.303,102.017,105.98,105.768,103.476,105.611,105.092,103.393,104.282,102.571,100.943,100.101,98.3297,98.4739,99.2426,98.8288,99.3035,100.18,100.901,100.636,102.676,101.027,100.64,101.706,99.4808,100.791,102.427,101.778,100.893,101.682,100.27
100,99.1438,100.089,100.227,103.149,100.859,99.2719,98.8567,100.478,101.786,103.72,102.193,103.615,103.598,100.322,100.009,99.2274,99.4068,101.867,103.122,101.69,102.27,103.585,102.268,101.86,102.385,101.003,103.931,106.46,105.83,102.477,105.102,106.773,104.841,104.861,105.63,105.297,108.215,109.648,108.479,109.273,112.516,111.25,110.85,110.092,109.189,108.078,106.168,104.762,105.164,106.219,104.199,104.116,106.332,110.084,110.712,114.739,115.965,116.507,118.135,115.611,114.843,115.277,115.368,117.338,119.999,122.127,122.403,125.448,121.161,120.48,119.814,118.579,112.811,112.197,111.019,112.157,109.484,108.238,107.48,107.845,107.922,107.115,104.479,104.417,102.708,102.477,105.721,102.741,102.97,103.887,105.413,107.297,107.063,104.894,105.345,109.107,112.329,113.282,111.456
100,100.291,98.6364,100.101,97.7181,96.3807,94.2607,93.6847,93.2494,92.9946,91.4513,90.688,90.7681,91.158,91.5021,89.4265,89.7803,90.7106,87.0116,86.9183,88.7159,88.3179,89.8593,89.0867,90.2819,89.8183,89.7642,90.2016,92.3436,92.004,92.1396,92.4602,94.2981,94.3774,93.0869,94.9416,94.7796,95.9232,95.0481,96.0101,95.9089,97.2062,96.7432,96.5834,97.8116,95.673,96.2804,97.5581,97.4926,98.6506,101.6,99.24,101.922,103.112,103.403,106.711,106.346,104.124,103.177,103.308,103.096,103.009,101.837,104.418,107.63,106.832,108.134,104.72,106.49,108.156,108.353,108.503,109.168,107.965,109.907,108.318,107.903,107.992,107.009,107.55,104.94,103.226,105.391,108.45,108.27,109.458,111.013,107.978,109.544,109.32,110.29,110.081,111.594,112.387,112.003,111.228,110.603,109.305,109.225,108.743
100,101.282,97.8592,97.0793,96.2873,97.1976,97.8194,98.8468,101.158,99.9102,100.104,99.8976,99.279,98.0125,100.86,100.483,98.6022,97.6306,97.4439,100.263,100.295,99.1934,98.9137,96.5554,95.8754,96.0752,96.6802,98.6127,99.3531,100.044,98.5669,99.108,99.4714,98.5866,96.9632,96.4591,98.166,95.9185,97.0177,95.4781,98.0334,98.8343,96.2885,97.7389,98.9723,100.605,100.294,99.155,103.903,105.144,107.692,105.096,104.077,104.443,102.04,104.069,105.222,105.145,108.24,108.805,114.056,114.388,114.56,115.393,113.842,112.802,110.409,110.466,110.01,108.462,105.399,102.566,102.536,104.129,103.972,106.256,107.788,107.059,108.264,108.243,108.201,111.657,113.028,115.617,116.906,115.557,116.879,115.898,114.759,114.222,114.559,111.663,110.978,110.026,110.934,110.401,109.943,109.641,112.778,116.137
100,103.438,103.992,100.16,95.6537,96.2377,96.5418,96.3717,97.2405,96.565,97.9839,101.133,103.117,103.149,106.567,107.311,108.603,107.401,107.896,108.672,108.067,105.064,104.583,107.675,107.161,105.757,106.18,107.358,108.848,109.22,105.372,106.422,106.467,106.479,108.132,108.383,105.914,107.044,107.37,103.808,103.763,105.821,104.236,105.598,106.928,107.274,108.585,109.327,106.912,105.436,106.891,104.851,103.306,104.888,106.484,104.06,103.081,101.292,101.239,100.264,100.558,99.8699,101.196,101.893,100.479,103.261,102.737,103.286,102.544,101.839,104.76,104.992,104.486,102.479,103.338,104.774,103.011,101.624,103.077,105.877,108.679,110.803,110.756,111.916,111.858,111.397,113.432,115.157,116.431,117.575,116.781,114.973,113.919,113.453,113.757,114.042,113.002,114.147,114.529,113.378
100,100.004,101.655,100.977,99.9631,102.942,104.423,102.194,104.081,105.991,105.978,106.602,107.852,108.349,108.406,109.527,111.89,108.95,110.202,109.047,108.49,108.028,105.365,106.863,109.169,109.29,109.269,109.933,109.5,109.707,106.6,105.078,106.457,104.019,105.914,106.605,107.145,108.648,109.021,107.644,105.37,106.36,107.319,108.855,108.929,107.934,107.234,110.062,108.867,111.456,111.7,117.059,118.392,118.965,117.377,117.067,116.763,118.745,116.707,118.119,117.712,116.484,116.799,115.96,115.122,114.166,112.774,112.339,111.41,108.782,107.539,109.229,110.521,111.22,110.926,107.454,107.185,106.217,105.128,104.053,102.909,101.843,101.861,100.709,99.986,99.3055,99.8225,99.8264,97.3544,99.2925,98.4997,98.3064,99.1666,99.9118,99.5101,99.2942,97.2637,95.0391,96.2439,95.7512
100,100.209,100.63,101.477,98.8824,101.242,99.6571,99.331,98.6841,99.5866,99.741,99.673,98.4758,95.7196,93.5157,93.3598,96.0165,98.0108,97.7219,97.3388,97.3294,95.4861,96.5855,96.2469,96.3833,95.8537,96.679,96.6512,96.9727,98.1417,98.1442,98.812,97.2537,94.7822,91.9624,92.3678,90.9751,91.8186,92.1988,93.1034,94.4973,93.4574,94.6154,95.5351,94.4511,94.0711,94.8948,96.1602,95.4199,95.3086,95.4437,96.5313,97.0266,97.9814,96.333,95.7525,95.2462,95.5945,97.5994,96.7757,96.4727,96.2331,96.3642,96.7862,97.7656,97.5785,97.1183,95.7531,96.4568,97.1507,97.2937,98.0134,95.4361,95.5753,98.3933,101.29,101.384,102.091,100.538,101.822,104.582,104.25,106.286,104.937,103.095,102.882,102.347,104.657,108.875,107.191,106.276,104.958,108.256,109.59,108.768,111.619,110.3,112.491,113.786,111.434
100,101.255,100.78,101.873,102.4,102.646,102.802,103.633,104.299,101,101.977,102.557,103.274,102.001,103.112,106.255,104.104,106.064,106.429,107.838,105.869,105.962,103.541,105.985,104.597,104.737,101.189,104.016,104.541,106.977,107.75,106.24,106.991,108.593,108.495,105.44,106.431,107.054,107.087,106.519,106.138,104.947,104.069,105.343,106.203,105.119,103.301,104.62,106.001,105.555,104.719,106.528,107.889,109.214,109.959,109.296,109.791,108.894,107.848,109.185,112.241,109.944,111.139,111.905,113.162,119.102,119.883,116.085,115.842,115.532,115.866,114.124,112.53,111.623,111.298,110.451,114.079,111.003,110.124,112.556,113.224,111.842,111.054,111.505,111.655,110.93,110.303,110.699,109.474,109.873,107.803,107.656,106.975,106.645,106.231,103.518,104.946,105.866,105.302,104.223
100,101.342,101.93,100.67,99.0885,97.9903,97.4876,97.1312,94.4764,95.2803,94.9963,95.0075,96.4873,96.0333,93.2853,94.1742,93.7021,93.9044,95.1375,95.5572,95.3472,96.5412,95.7319,99.1304,98.0179,100.31,102.969,101.724,101.956,99.4919,96.1268,96.4077,96.5431,94.6122,95.6816,99.2617,101.417,102.415,100.86,103.413,104.43,103.681,104.416,106.445,106.721,105.887,106.748,107.204,103.772,101.688,102.551,101.967,101.704,102.105,102.864,103.425,105.135,104.11,106.495,103.374,102.482,104.965,105.888,107.363,107.317,109.444,108.021,108.024,107.923,109.165,109.784,109.941,108.361,106.199,104.89,105.918,106.927,106.697,109.858,106.544,106.237,109.474,106.391,107.611,105.399,103.177,104.026,102.246,102.002,102.969,102.231,104.667,103.59,103.863,104.599,103.376,106.069,105.281,108.367,105.991
100,100.43,101.347,101.49,101.729,102.101,101.618,100.812,102.179,102.077,101.189,99.782,101.247,102.371,101.604,99.9975,99.2642,101.94,101.093,101.693,100.922,101.31,102.492,101.684,100.831,102.172,102.572,101.431,99.995,99.6368,99.4414,101.216,98.7691,98.5276,98.719,97.8539,98.5261,96.8559,96.6567,96.1177,93.5174,95.7703,94.8677,93.3171,91.8293,94.3979,93.098,94.4783,93.7578,95.953,96.7801,97.2208,96.5705,95.3208,96.1741,95.1629,95.8845,96.5978,96.8845,99.8447,98.8201,96.885,96.047,96.7085,96.602,97.6171,98.6919,97.8177,98.657,98.9324,98.5731,99.1319,98.7993,98.0255,99.2197,101.197,100.323,101.125,97.5272,96.2579,97.6301,96.6065,95.5647,96.3063,95.6066,95.3413,93.0125,95.536,93.349,92.3679,92.7753,94.6761,95.6738,93.7069,92.9988,94.2644,97.1739,94.952,95.9038,95.533
100,99.4271,97.4693,97.3735,97.8373,100.508,99.5519,98.9099,99.7772,101.546,98.9368,97.0924,97.1225,99.1427,100.636,100.373,100.531,100.563,99.5212,101.948,99.7158,99.9342,101.664,101.2,99.8192,99.9726,100.331,100.278,99.3091,99.0479,98.5103,96.8723,94.505,94.675,93.5288,91.9052,93.1627,95.6036,93.7892,94.6988,94.2489,94.9994,97.2159,99.3476,98.4963,100.494,102.515,99.6789,100.619,100.501,102.377,103.634,103.043,102.147,100.581,101.207,101.668,99.6176,100.514,101.757,101.779,101.342,101.119,101.151,99.4973,99.7463,97.7023,97.7219,94.896,92.7849,92.1647,93.227,94.0963,92.3277,92.22,92.8643,93.6269,93.4022,94.7119,95.537,96.5458,95.3549,95.4772,93.6813,93.9425,94.8679,92.3104,90.6264,91.2203,92.4815,93.5068,96.4649,97.291,99.4967,99.5799,101.34,99.8,101.249,100.367,100.306
100,99.4738,99.9941,99.7494,101.63,102.33,101.581,104.229,104.884,104.185,103.488,105.835,105.262,105.81,105.556,104.077,105.153,103.771,103.794,107.674,105.747,107.601,105.443,105.261,106.017,107.34,107.872,109.439,114.042,115.61,119.532,119.176,115.648,117.2,115.503,116.153,117.017,116.656,119.4,119.377,121.71,123.474,123.689,124.789,124.368,120.696,123.221,122.866,125.591,124.591,125.045,123.491,121.13,124.374,126.524,125.689,126.26,126.104,124.63,127.234,126.081,124.908,122.349,125.709,124.804,124.915,126.169,124.625,122.805,123.701,126.308,125.594,125.399,127.118,129.023,128.573,124.952,124.675,125.411,121.5,119.132,122.287,121.011,120.769,123.794,121.276,119.965,122.094,119.521,121.344,122.283,123.581,121.925,124.804,126.042,126.22,125.234,122.966,126.046,128.308
100,100.586,100.545,97.4338,98.5461,97.1981,97.694,97.4245,96.6048,94.3238,93.4027,94.0996,92.984,93.6116,94.043,91.9615,91.0264,91.1906,92.342,91.3899,90.9485,91.7275,91.2046,90.643,93.2748,92.2629,91.1655,91.5474,91.3834,91.735,90.462,90.8484,93.1016,95.8019,97.0078,96.4608,97.6766,96.1028,95.7195,97.2793,97.1897,98.475,100.719,105.514,103.437,102.391,103.226,101.29,99.1053,100.622,102.451,104.574,105.858,106.498,106.003,105.307,107.59,107.782,105.419,103.05,101.577,101.829,104.304,105.392,107.235,106.764,105.471,104.173,104.683,103.961,104.205,103.683,105,101.838,99.8102,100.296,100.494,100.925,100.859,100.794,103.451,104.456,107.051,108.613,111,112.377,111.717,112.721,114.356,113.495,114.238,112.979,113.823,112.812,114.901,115.029,115.759,116.509,118.702,119.761
100,101.664,104.08,100.493,100.287,99.5268,97.3266,97.277,98.9115,98.5233,98.0446,98.6593,98.9,96.6322,96.9093,95.7492,96.0874,96.4359,95.8907,97.6066,98.7364,98.7379,98.445,96.609,98.3326,96.4052,97.5427,98.9468,101.383,100.964,100.25,99.0659,98.7047,97.1819,98.7452,99.2183,99.7253,100.291,102.411,103.681,105.697,107.657,111.176,109.373,110.441,110.4,110.807,110.958,110.822,111.323,109.036,108.77,107.048,105.875,104.179,104.599,103.959,101.523,101.395,101.91,103.227,109.364,108.991,108.389,105.271,105.782,107.049,105.462,104.583,104.717,104.067,105.103,106.048,107.93,108.207,108.501,109.263,110.611,107.718,109.609,107.228,107.182,110.381,107.967,106.503,106.396,103.351,104.903,108.089,109.538,106.55,106.145,104.203,107.232,108.171,108.85,107.059,105.706,105.926,105.236
100,100.411,101.914,99.0886,95.0863,95.17,93.7365,94.2559,96.9826,97.521,96.1784,96.1832,97.5925,97.5127,97.5425,96.8831,98.8773,98.0894,98.9367,99.7793,98.9193,95.8827,95.757,95.1592,94.3964,92.5605,91.5743,90.9699,91.41,91.7109,90.2125,88.3212,89.5674,89.2647,88.4141,87.5909,87.489,86.6316,86.736,88.0084,88.4035,88.6503,89.601,88.0937,86.9419,87.3156,87.3117,89.5589,89.1823,91.1857,90.9366,90.7964,90.045,91.8022,91.9937,91.8481,92.5113,93.5185,92.8443,93.8858,94.2727,93.8628,93.773,94.3811,94.8338,99.4127,99.4422,101.149,100.822,101.294,100.317,99.6913,96.9717,96.0656,94.9894,95.5607,94.752,93.7085,93.5424,92.432,91.441,91.341,92.2144,91.9302,95.3576,94.998,94.864,93.4078,94.5799,93.3523,93.3994,91.3326,89.7069,90.5477,89.4891,90.4575,90.5637,92.5013,94.0164,93.7945
100,101.57,102.292,100.714,101.134,99.9586,100.261,100.282,100.497,101.508,100.102,102.23,103.944,103.69,105.742,107.149,107.848,104.422,102.945,105.372,108.019,108.174,110.65,109.291,109.172,109.295,108.306,108.122,106.345,104.481,104.87,106.981,108.217,107.213,104.505,106.789,107.211,106.547,105.307,103.787,103.941,104.239,103.068,100.566,100.859,99.3185,98.4242,98.1574,97.5112,97.8975,97.8869,100.445,102.251,103.496,103.262,103.734,104.683,103.454,103.174,103.086,105.28,103.957,105.107,103.131,101.067,101.765,100.167,100.005,98.359,98.6443,98.924,98.4939,99.1844,98.7105,96.7133,97.0549,96.701,95.4551,94.4389,95.1441,93.2267,92.5003,91.7848,91.9318,90.3932,90.7775,91.9297,93.2815,91.4007,89.93,89.4998,90.9501,89.9747,90.6609,89.8902,90.0247,90.0687,89.2682,91.3055,90.5761
100,101.44,105.23,103.93,103.536,102.537,103.191,104.645,107.167,106.92,106.884,108.858,109.77,107.212,107.896,108.743,109.169,108.201,108.95,108.915,109.386,109.746,109.126,106.926,107.085,107.074,105.7,104.686,107.735,106.604,108.519,105.548,105.351,105.805,105.796,107.048,105.693,107.5,105.721,104.968,104.714,102.79,104.333,103.492,102.11,102.355,104.261,102.381,104.038,103.627,101.318,100.55,98.9619,100.678,99.9689,100.441,101.383,101.661,98.4326,98.4422,99.6401,101.372,103.272,103.779,101.831,99.788,100.889,100.596,100.342,98.5301,102.066,104.107,105.203,106.034,106.028,105.801,106.194,106.889,106.294,105.553,104.125,102.725,104.603,103.213,103.489,102.253,100.617,99.7869,98.5287,98.4493,98.9909,98.2737,97.9701,94.9353,94.4982,93.6116,91.9701,94.112,94.8776,94.6045
100,97.4101,98.3947,99.3106,100.132,99.0579,98.275,98.6803,97.734,96.9114,96.4425,94.7475,94.7053,97.2063,94.8394,96.8096,95.514,96.2752,96.7792,99.0427,98.4462,103.073,103.996,103.862,105.318,102.84,103.095,102.55,102.869,103.621,104.477,106.403,106.658,103.853,105.26,105.82,106.57,105.805,104.293,103.019,100.797,105.992,105.482,106.704,108.569,110.033,109.947,106.136,106.208,103.446,102.735,101.441,99.9907,99.156,98.8351,99.7767,100.567,99.9838,98.5808,99.0249,100.902,100.679,102.201,102.79,103.255,103.609,104.318,102.917,102.037,101.869,105.084,104.966,105.691,105.274,104.56,103.052,101.71,105.189,106.515,107.246,109.823,109.493,107.942,107.019,108.577,109.688,106.821,103.001,107.206,103.97,102.728,103.487,103.855,105.033,105.328,105.393,105.927,105.692,106.673,105.585
100,97.3731,98.1465,98.7411,97.2155,96.2766,98.4559,98.8734,95.5804,97.3729,99.0938,99.3436,100.346,99.5862,96.362,97.8085,99.942,99.2943,99.279,96.8513,98.8601,98.825,98.9101,100.135,99.1952,103.526,104.563,105.264,106.482,106.717,107.848,106.952,104.062,102.911,103.841,103.835,103.081,105.21,103.305,102.155,102.283,102.382,102.238,101.074,101.699,100.372,101.515,102.926,103.765,104.251,103.855,102.875,100.501,99.0134,98.1536,98.9136,95.8472,94.6267,94.6942,94.9893,94.3757,91.4044,91.8088,92.1875,93.5716,92.0861,92.1232,91.9825,91.8281,91.9763,91.9797,91.9139,90.4817,91.5184,91.5337,91.8413,91.4423,92.9961,93.9736,94.0196,94.6546,92.8813,90.808,89.609,89.1774,87.5303,87.4781,87.5897,85.988,86.3875,85.4672,85.4827,87.7733,88.9281,90.6318,89.4688,89.9667,91.3517,91.644,92.5052
100,98.9948,100.059,100.857,99.9879,100.677,99.5368,98.992,102.142,100.095,98.7338,99.6053,98.6803,97.0776,98.2174,100.045,97.2619,96.5487,95.2909,94.8165,95.0467,92.9562,90.7761,90.9165,90.7875,90.9436,92.0164,91.742,92.6986,95.6894,96.9566,99.7735,100.942,99.5308,101.364,102.093,102.803,103.267,105.356,106.148,105.541,104.247,101.981,105.586,104.38,104.68,102.794,101.415,102.461,101.923,102.443,103.457,106.17,105.412,105.532,105.267,105.529,106.223,104.946,104.239,104.625,104.09,104.204,105.018,105.292,103.858,102.728,99.9825,99.8481,99.1684,98.9843,101.129,101.501,102.865,103.501,104.863,102.686,103.089,102.042,100.439,102.908,103.94,101.76,104.4,103.828,104.137,101.671,101.432,102.13,97.7248,96.159,94.3461,94.1838,91.4976,92.6961,92.0912,93.535,93.1214,91.7491,92.5116
100,101.071,103.223,102.378,100.845,102.005,101.492,102.321,101.779,100.719,96.8696,97.2223,97.7245,96.5953,93.7108,94.838,95.4055,95.2263,94.7248,93.7591,97.005,98.5085,98.3459,99.5088,98.6387,99.7104,97.9753,103.148,105.484,106.087,105.491,107.879,105.228,105.864,107.856,106.993,106.015,106.87,108.244,111.122,109.717,108.489,109.111,106.855,108.6,108.258,107.96,108.785,108.925,109.631,110.293,106.748,108.243,107.609,108.012,104.768,105.217,104.465,103.721,104.137,102.206,102.85,104.136,104.981,106.035,104.375,103.11,104.274,106.434,107.503,105.197,107.2,108.225,106.891,104.364,103.222,101.664,99.5311,101.769,100.507,99.9344,100.353,101.284,103.264,104.497,103.526,104.552,104.49,103.513,104.755,105.042,107.308,105.669,105.153,105.142,105.433,104.262,104.026,105.105,104.855
100,99.7237,101.314,99.5669,100.013,101.654,98.7675,98.5443,98.6156,97.1283,100.324,99.214,100.418,101.199,99.8723,99.6715,98.3213,93.934,92.62,92.3257,92.5769,89.0564,89.2864,86.4762,85.7746,85.0179,84.4121,87.4661,88.9111,88.3376,87.4852,87.5556,87.5694,86.5366,88.1109,88.3274,87.2422,87.6575,88.3708,89.4468,88.4801,89.6796,89.0042,87.8638,84.9839,86.0492,88.3552,89.4671,88.3323,89.3389,89.5898,87.8276,86.3994,86.4368,87.4648,85.507,86.2651,87.1857,88.4667,88.6906,89.4102,87.5194,86.9134,87.3078,86.1879,84.5454,85.5601,85.9711,86.5028,84.416,86.4245,88.0387,90.1386,91.0959,92.3746,92.732,91.5109,89.0794,87.8192,86.4945,87.5295,87.0619,86.3024,86.549,86.9047,87.1466,87.3747,87.3061,89.4518,89.2887,88.0587,85.8855,83.8024,84.6658,86.3938,86.0915,86.5995,87.2691,87.1092,87.028
100,98.6683,97.7075,97.4848,98.5909,98.8813,101.135,100.991,101.733,101.67,101.793,103.321,105.817,104.583,103.792,107.877,105.588,106.461,107.314,111.115,110.963,108.76,108.505,109.425,110.288,111.937,112.043,109.15,109.616,106.427,107.386,108.614,109.271,110.314,113.062,113.212,114.414,113.895,112.482,114.165,112.354,110.68,110.409,108.465,107.656,107.885,106.307,105.839,106.392,105.578,104.82,105.216,102.844,104.074,104.798,105.545,103.925,102.518,103.66,104.211,103.236,106.706,107.855,106.779,107.908,108.031,107.424,106.532,106.468,108.094,107.046,108.729,107.933,107.974,104.224,104.07,101.895,101.187,102.682,101.339,99.9501,98.6787,98.3338,96.8834,94.5676,96.6384,99.7045,98.9928,100.837,97.9982,98.5101,98.368,98.7726,99.2706,95.7978,95.0261,96.8951,99.1447,98.5856,99.6535
100,102.704,104.98,105.481,105.103,105.701,105.685,105.522,105.579,102.946,101.823,100.963,102.455,101.425,104.201,105.676,107.021,105.395,108.573,108.285,109.612,109.39,109.041,111.597,111.3,112.285,112.921,111.594,111.097,110.885,109.971,109.948,111.404,109.956,109.166,109.231,105.325,106.155,105.657,107.475,106.577,107.481,108.015,110.576,110.199,110.48,111.016,112.215,112.263,112.02,112.773,113.377,113.427,114.34,114.729,114.949,112.16,111.821,111.264,110.252,110.582,109.517,109.183,108.903,106.526,107.562,109.268,110.848,109.866,107.426,107.149,107.624,108.416,108.352,107.736,105.672,108.559,106.431,102.763,99.4765,97.4558,99.6594,101.813,101.69,101.645,102.608,104.673,105.128,105.538,106.426,105.757,105.21,104.379,103.245,99.9331,100.948,101.036,103.066,103.261,103.348
100,101.604,102.678,104.19,104.331,105.63,106.336,106.535,107.104,110.282,107.074,104.206,102.676,104.688,103.213,102.179,105.165,105.192,104.362,106.288,107.835,108.352,109.646,109.816,105.369,107.291,106.569,107.925,107.416,106.328,106.399,105.313,105.594,108.106,106.044,104.122,104.073,104.219,105.792,106.162,105.601,104.17,103.713,102.649,101.298,103.706,107.53,108.573,107.095,105.717,106.403,106.283,108.085,107.947,106.874,106.586,105.848,106.217,109.133,109.055,110.676,110.335,111.944,111.88,110.948,110.927,108.987,105.528,104.873,104.868,104.314,106.144,106.396,105.91,107.076,106.57,107.324,107.626,110.646,111.428,110.658,110.932,109.672,110.648,109.873,110.921,108.09,110.415,112.396,113.374,115.557,112.364,109.137,111.685,108.467,106.261,101.338,102.735,105.179,107.026
100,102.106,101.574,102.488,103.238,104.224,104.106,106.79,107.985,108.735,107.556,108.37,106.014,106.552,108.676,110.44,110.359,108.487,108.088,109.677,108.575,109.788,109.844,109.32,109.679,111.712,114.503,116.987,117.96,117.157,115.929,114.285,115.601,110.451,108.495,106.581,106.139,106.588,107.984,110.291,112.669,113.328,111.228,109.207,112.698,112.628,112.309,114.009,113.331,111.526,108.628,110.199,111.523,108.148,111.919,113.224,114.749,115.212,115.981,116.221,116.955,118.003,120.083,122.045,123.178,122.189,120.546,120.624,121.55,119.89,123.25,123.591,124.13,126.001,127.037,127.905,128.834,131.262,130.812,133.616,136.903,138.151,145.251,147.156,143.625,142.403,139.505,137.012,136.885,139.062,138.479,142.575,143.865,144.401,142.252,141.017,140.874,142.098,143.632,145.582
100,96.6533,96.6134,96.2282,95.2437,96.3491,95.012,96.3205,97.8124,98.1693,98.7808,100.366,99.264,99.922,101.024,103.027,106.37,107.362,106.32,107.44,107.648,107.52,107.75,106.089,109.139,111.3,111.423,112.708,110.727,112.135,113.576,114.346,113.121,115.814,110.731,111.765,113.134,114.581,111.352,110.497,109.698,109.704,111.219,111.604,110.57,111.505,110.819,113.5,114.384,113.777,117.071,118.029,120.411,120.515,120.423,120.607,120.561,119.894,117.944,117.704,116.256,118.149,118.326,117.856,118.871,116.544,116.8,117.004,115.966,117.533,116.258,116.201,114.723,116.691,115.673,117.308,120.945,121.505,119.647,120.733,118.423,119.924,116.285,115.296,113.575,113.13,111.366,113.166,114.445,113.349,112.404,117.032,115.703,115.46,116.6,114.017,112.691,111.52,112.826,113.189
100,101.214,99.5143,98.3303,98.4881,97.78,96.1597,96.4325,97.1916,96.541,95.1312,95.4083,95.7185,97.3551,96.1396,94.3591,94.2934,92.7184,95.0288,94.8855,95.1035,95.7673,95.3018,93.585,92.218,90.9122,90.9503,88.9621,88.5394,89.8997,90.4758,90.365,90.1611,91.1391,90.4541,89.2029,89.4329,89.453,87.9795,88.874,86.5715,88.3558,86.5014,86.0219,85.3844,85.9408,85.1423,84.3842,84.4293,84.6901,84.5574,81.2668,81.8914,82.9568,84.3104,85.501,85.7458,84.1427,84.1163,82.6111,80.4938,82.5774,82.8257,82.8099,83.1247,81.9197,81.6534,81.8734,82.6497,82.6641,80.7138,82.3019,82.3725,81.5561,82.9561,81.9582,83.7415,81.6123,83.4127,84.247,84.1814,84.2673,83.4352,82.7685,83.7079,84.4526,83.4415,83.3545,83.5467,86.5083,87.3291,87.0328,86.2959,86.3073,88.0972,87.2402,86.675,84.804,84.5149,84.433
100,100.288,100.356,99.0706,96.1093,96.1326,96.9733,98.5565,98.8038,97.9396,99.765,97.9375,98.5373,96.9301,95.1034,96.3483,96.3384,97.4419,97.1078,96.6905,98.6249,98.8305,99.2538,99.4211,99.3551,95.3641,95.4453,95.4455,93.8925,91.1794,92.5789,92.6063,93.3535,91.6102,94.3253,94.1402,94.1462,94.1923,95.0615,96.8999,99.7322,100.538,98.8842,99.6398,98.0149,98.9262,99.482,100.92,100.49,98.5897,94.9818,94.5246,92.4034,93.319,93.0947,94.4424,96.0361,95.4086,93.8416,92.7484,93.3922,92.4801,93.918,94.9947,95.8243,97.2101,98.103,97.7343,98.758,98.491,97.2703,98.8299,99.5908,99.5474,100.192,101.962,101.219,100.824,98.5994,98.3607,98.9761,98.1696,94.0124,94.7747,97.5399,97.3924,96.2473,95.7429,95.5853,92.6416,90.5931,90.6565,87.67,86.8948,87.2969,86.5242,86.8441,88.6854,86.854,89.2483
100,97.755,96.6469,96.0928,97.028,97.7986,97.6094,96.3974,97.7365,98.0233,98.7761,99.3602,100.008,100.605,99.2593,98.3977,99.3471,99.113,98.6196,98.5048,100.835,101.29,100.891,100.245,96.1756,97.0623,93.0404,90.9824,90.795,90.5552,92.1496,92.9313,93.6681,95.1353,93.8788,92.8101,92.2826,91.4826,92.1042,92.3845,94.0665,91.6201,91.4608,88.8181,89.343,88.9067,88.1036,89.3135,89.2485,87.5069,87.8423,87.8301,86.9011,87.4707,88.9695,89.1881,87.9838,88.3028,89.4436,86.6587,86.6538,87.5136,88.2024,87.4089,86.4057,87.2029,87.4473,88.6017,91.1128,91.5376,90.8501,92.6251,90.7628,89.0635,89.347,90.7514,90.3164,92.1344,92.6506,95.5589,94.2124,94.2118,94.7811,96.3307,95.3723,93.8377,94.5303,93.8128,95.2996,96.6735,96.2593,96.5528,96.9964,97.5718,96.9772,98.0388,97.3119,96.241,98.2391,98.838
100,101.083,101.052,102.684,101.549,100.744,98.6382,100.462,104.019,105.029,106.549,108.989,109.365,112.242,114.2,114.05,114.939,114.337,114.739,111.259,112.554,110.612,110.926,109.463,107.066,107.704,107.01,107.004,107.641,108.896,112.72,111.328,112.049,111.704,113.388,110.413,110.387,109.202,109.919,108.986,107.338,105.713,108.278,108.7,105.918,103.826,105.161,105.925,104.942,105.43,106.722,106.586,104.427,102.945,104.08,104.024,106.859,109.244,111.818,112.206,110.753,110.062,110.542,110.623,109.702,108.049,107.988,108.671,108.504,107.238,109.857,111.024,112.798,110.71,112.543,112.453,111.725,109.551,109.437,108.135,109.329,109.459,106.746,106.952,105.033,105.204,104.769,102.84,103.523,104.939,106.756,103.996,101.378,100.662,100.003,98.8029,99.2694,101.567,104.399,105.455
100,97.1107,97.3104,96.3274,98.6282,100.427,101.887,103.761,105.327,104.497,104.916,106.95,105.702,104.891,103.767,102.329,101.729,100.689,100.211,100.68,101.794,104.649,107.799,105.532,105.874,106.481,106.314,105.442,104.951,103.311,102.941,103.684,101.657,102.717,105.728,105.709,106.125,105.448,105.205,103.329,102.543,101.694,100.641,98.7839,97.068,96.9826,99.5972,97.743,97.1417,97.9084,99.24,99.6737,101.098,101.404,99.7244,99.6423,98.8727,98.0325,97.4468,98.0302,97.6544,98.3547,100.223,100.873,99.4241,98.4702,95.469,93.4383,94.4324,93.7935,92.4884,92.3601,94.1326,95.4123,95.0292,96.6781,96.4167,96.3649,93.7432,92.4721,93.7285,94.4879,93.4125,94.2808,95.5499,92.4868,91.9515,91.5537,93.0155,92.39,92.6533,92.7723,93.4942,93.647,95.5532,98.4144,101.391,102.223,100.82,101.287
100,101.831,101.213,99.9423,99.9617,96.0109,93.854,95.2622,97.009,97.9292,98.4223,96.706,94.9592,93.9412,92.4427,92.2564,91.7302,89.2809,89.625,89.0923,88.4345,87.0878,88.1651,88.2372,85.9093,88.3527,88.7758,86.3045,85.5384,85.5375,88.3461,90.126,92.1683,91.9703,91.6518,88.595,88.933,87.7498,84.9033,83.3455,83.5493,83.2696,83.889,85.9535,84.3403,83.2158,82.053,82.695,84.5546,82.1066,81.6233,81.6488,85.111,84.1204,81.6803,83.481,84.9364,85.2786,86.7545,87.0617,87.4104,86.1489,86.0272,87.1,87.1114,87.3324,86.8882,84.1201,86.278,86.2547,85.7237,87.9325,88.2422,89.622,88.7861,88.6959,90.6651,87.851,87.1616,85.5112,85.9686,86.5405,86.4417,87.8839,86.6673,83.3392,85.1944,85.5722,86.964,85.595,86.5982,89.0163,88.7863,88.101,86.2566,87.9656,89.6855,88.5445,89.5329,89.5334
100,99.6682,99.15,100.927,100.662,100.113,97.7214,93.6085,93.595,95.4083,96.3266,96.964,98.0265,97.1688,95.6541,93.7224,91.2938,93.7599,92.4632,93.8662,93.4969,91.8275,93.0966,95.626,96.4339,94.6645,94.3809,91.1036,92.2014,92.7017,94.1369,93.3937,94.1835,93.3405,94.7395,93.4051,89.9261,89.9147,89.796,90.2633,88.9024,88.0676,87.4846,85.9278,85.3869,84.763,86.4199,86.1382,87.9982,87.4689,86.3611,86.6213,86.8287,87.4473,86.8116,87.4975,86.3707,85.9299,86.4629,85.2837,85.7765,85.7602,86.9634,87.845,86.8628,85.7064,85.8486,84.2822,83.9698,84.2079,84.3753,83.9196,82.9043,82.498,84.0404,84.53,86.2549,86.3913,85.5662,85.0466,84.7421,85.2313,88.0252,86.9653,85.234,85.2111,84.8656,84.6864,83.1582,85.2976,83.0943,85.0045,84.6067,85.0366,85.7772,86.7271,88.6646,87.0501,86.5125,88.4376
100,99.1402,97.3069,97.257,98.2714,98.331,99.8586,102.648,100.329,98.5879,98.1583,97.3925,95.1133,95.8983,96.469,95.1441,96.3007,96.9165,96.3649,94.6862,93.2146,91.4268,91.0213,90.3874,89.9682,90.1224,92.3431,94.8315,93.0357,90.6318,90.9536,91.1686,89.6741,89.7606,91.3865,93.4706,92.8785,92.4752,90.9983,90.976,91.9363,90.8747,90.115,92.1442,90.2082,90.6792,92.4687,90.9344,89.1824,88.3547,87.6885,88.1708,86.9092,87.5934,89.038,87.9721,88.66,90.3856,89.9378,91.4491,92.1779,91.7881,90.3935,90.8987,89.0728,90.5519,91.0258,89.6287,91.0196,89.6148,87.6102,87.6648,86.1847,85.7463,85.1126,83.1948,82.405,80.1773,80.8641,79.085,78.4763,78.637,78.3959,78.1898,77.9007,77.3094,77.3219,78.8533,78.9276,79.4099,77.2122,78.4619,75.6444,75.7118,77.5965,76.6486,76.7069,76.0814,75.2186,77.2238
100,100.133,99.0947,98.9208,99.4452,101.96,100.836,101.121,101.733,102.977,103.246,104.058,103.59,104.393,104.59,103.169,102.051,102.217,102.203,104.909,108.547,107.084,107.511,105.458,105.098,106.542,107.539,107.154,105.764,105.25,105.635,105.086,106.157,104.056,105.146,104.43,106.117,106.244,106.352,107.501,106.069,109.256,110.839,109.045,105.622,105.437,106.233,109.729,105.151,104.823,103.674,103.587,102.838,101.079,102.319,99.549,100.083,103.162,103.62,106.771,105.463,106.33,106.102,106.195,105.313,105.493,104.642,103.408,103.535,103.433,105.116,106.845,107.174,108.349,106.965,106.056,104.98,103.1,102.655,104.096,101.726,100.58,103.422,102.67,105.431,104.708,110.476,109.072,109.542,108.645,109.49,109.642,111.529,112.37,111.705,111.082,110.975,109.911,110.565,112.397
100,101.31,102.2,104.822,102.795,102.888,102.925,102.883,106.12,109.232,108.759,110.648,110.065,108.199,108.694,111.413,110.873,112.716,112.246,111.693,111.19,111.813,109.098,113.858,112.571,110.837,111.337,107.965,106.563,104.65,106.343,106.648,105.636,103.559,102.021,105.351,104.284,103.325,105.62,101.963,102.463,100.987,99.5715,99.2562,99.0826,99.6425,100.881,100.023,102.607,101.207,103.71,103.532,103.129,107.105,108.297,106.475,107.62,109.39,112.148,112.761,116.26,116.722,117.173,116.791,115.66,114.043,112.001,116.615,116.584,119.199,122.431,123.783,122.851,121.418,122.137,122.72,123.541,126.107,125.145,127.087,124.599,123.263,122.5,121.838,123.026,120.478,120.924,123.098,122.7,122.111,120.952,118.133,116.568,113.975,113.269,111.302,111.559,110.164,107.324,107.162
100,99.7933,99.3429,99.8928,100.056,99.248,96.8761,96.2964,94.895,95.6084,97.1258,96.339,99.485,102.383,101.16,98.6895,98.1893,97.0931,98.1246,99.2217,97.4363,97.3664,98.2001,98.9574,96.3008,94.5591,94.7183,92.7824,94.3052,96.3281,96.7384,94.4281,94.5336,96.9313,97.3102,99.2354,99.8988,99.435,98.747,98.7737,99.552,99.9679,100.412,100.421,100.103,104.464,100.848,101.747,103.398,102.989,102.613,104.207,103.868,106.003,104.549,105.152,108.517,109.358,107.826,104.988,103.152,100.802,99.9534,103.202,103.058,101.546,103.217,103.539,103.252,105.862,106.869,107.778,110.531,112.756,113.599,113.709,115.016,114.335,113.707,115.189,112.98,110.766,111.487,111.987,111.359,110.098,110.445,109.929,107.763,108.479,108.205,107.242,105.471,105.984,104.107,104.466,103.184,103.968,102.834,100.827
100,99.2613,98.3468,96.7258,98.3909,98.8117,99.4524,98.6642,98.8356,98.5343,97.7691,98.2271,97.897,96.1951,96.7313,99.3463,101.482,102.562,101.474,101.322,104.828,103.329,104.009,100.407,99.0723,100.086,98.7808,96.4981,98.3849,98.0002,98.9984,100.28,101.101,97.6153,98.8428,99.2095,100.309,100.988,100.376,101.461,101.098,103.868,103.955,99.6693,99.3059,98.9326,99.3662,100.056,97.8254,97.3354,98.3407,99.9797,99.7003,101.434,103.132,102.631,101.837,101.845,100.726,100.718,103.132,102.432,101.151,100.722,100.419,101.796,104.138,105.675,105.785,107.093,106.393,107.066,107.607,104.982,106.11,107.395,107.76,108.946,108.098,113.695,114.692,116.814,116.22,116.932,117.256,118.202,116.686,116.523,113.14,111.462,110.562,111.914,112.77,111.067,111.199,112.603,110.701,112.323,110.576,110.095
100,101.364,100.317,100.027,101.066,101.924,101.758,103.668,101.648,102.358,102.108,101.577,101.463,103.647,102.058,101.387,102.259,98.8778,97.4202,98.9825,98.5824,96.8554,96.4344,95.1226,91.8384,91.8908,91.1404,88.887,89.3579,88.4502,87.5028,86.6321,87.278,86.1875,84.639,85.6204,86.1404,85.8504,86.4181,86.6879,87.27,85.8322,89.0482,89.4516,88.8661,88.2009,88.7601,89.4127,90.3698,90.2937,90.4894,90.0299,92.2236,91.1702,93.1733,94.3513,93.9655,95.2784,97.0009,97.2617,98.2489,95.2329,96.1651,95.3246,93.8807,92.6357,91.5558,89.3164,88.4396,87.8881,88.1476,86.5954,87.4945,85.5058,84.6773,85.3758,83.7587,82.4261,83.2027,81.6885,82.5412,82.4633,82.6999,83.0708,81.8597,83.1598,82.2389,80.8828,78.2561,78.1966,79.7341,80.2088,79.9778,79.0423,79.091,81.9232,83.5504,82.8161,82.8531,81.2419
100,100.929,100.977,103.892,104.535,103.587,105.163,105.203,102.492,101.806,103.401,106.18,105.456,105.706,104.931,104.413,105.036,106.5,107.559,107.002,105.706,104.271,103.782,102.905,103.111,101.375,98.4455,100.633,102.778,105.692,108.023,107.257,105.664,102.147,103.329,102.491,102.951,102.161,101.618,100.561,102.43,100.242,99.5947,99.1338,99.2021,99.9811,101.103,101.371,101.305,101.477,100.682,102.74,103.023,104.305,105.091,104.118,105.859,105.52,105.702,104.435,105.574,107.862,107.434,107.567,108.512,106.176,106.902,107.948,105.572,105.189,105.81,104.449,107.734,107.962,106.015,104.352,103.488,104.544,103.744,104.765,104.07,101.443,100.845,100.566,98.6032,99.8317,98.345,99.768,100.203,103.424,103.444,103.675,101.742,101.431,100.726,99.9859,100.834,100.221,98.9693,98.4173
100,97.1739,97.1288,98.7405,98.575,99.7543,101.715,101.657,99.6995,100.13,101.058,101.816,102.405,102.944,102.94,103.557,101.747,97.9257,95.6465,99.1509,99.9644,97.0191,99.2368,100.475,102.322,103.466,101.573,100.431,101.008,101.251,101.965,102.315,104.088,103.903,104.031,103.231,103.747,103.369,102.055,103.547,102.84,104.146,104.419,103.187,104.882,103.881,104.095,102.169,103.379,100.992,100.3,100.283,99.2237,97.4161,97.3735,95.5395,94.0717,95.8055,94.8549,93.3564,93.6481,93.869,92.9827,94.2533,95.6745,96.604,96.5994,96.3734,96.6736,96.6136,98.5636,96.4587,96.7524,96.0423,96.7447,95.8921,95.2257,95.1014,95.7024,93.9003,92.3414,90.7463,92.5446,94.258,92.7828,91.839,90.767,88.9197,89.1959,89.4941,89.8678,91.2302,90.7048,89.6126,91.701,90.5052,89.6953,88.2269,90.3825,89.1659
100,101.213,103.85,103.335,104.021,104.186,104.435,105.47,107.475,106.709,107.658,105.856,105.743,107.109,110.003,110.615,108.193,107.74,107.776,103.678,105.397,105.475,104.953,103.773,101.482,100.578,102.848,102.885,103.415,101.511,103.841,102.294,101.386,101.693,102.922,100.745,98.732,94.8431,96.5049,94.8711,96.1186,96.609,97.3359,95.0478,92.9978,91.6479,92.4256,91.0838,91.1692,94.1383,94.5159,95.2405,97.574,100.085,100.563,102.651,103.809,103.38,105.486,103.579,104.623,103.112,104.613,103.507,104.214,101.695,102.716,102.062,103.422,104.848,106.025,104.446,105.287,107.496,106.048,107.319,107.142,109.134,110.109,110.156,110.078,109.673,109.507,110.018,109.657,107.001,105.465,105.921,106.041,103.54,101.608,102.153,100.971,102.347,102.271,103.758,105.101,106.021,106.497,107.116
100,100.016,99.9293,100.642,101.676,104.155,103.72,101.605,101.037,101.59,103.892,104.103,104.124,105.53,103.997,104.612,105.878,109.135,109.4,112.078,113.674,113.639,115.292,117.482,118.271,115.026,116.084,115.962,114.141,110.242,109.856,108.675,104.835,105.611,105.036,101.69,97.5304,97.3891,96.3856,95.4606,95.8737,97.3091,94.8894,92.611,94.2323,94.6177,95.1651,96.1848,95.6428,94.7272,94.3333,93.1977,92.4677,93.064,93.6721,95.8372,96.5269,98.9337,100.443,102.032,102.903,99.8969,102.01,102.121,102.834,104.858,104.5,104.657,104.659,103.768,98.3189,98.3484,99.8809,99.5683,99.0182,98.3343,96.3467,96.9767,98.0597,96.5105,94.835,96.205,96.9801,98.9609,97.4555,96.5253,96.226,97.2334,95.8527,95.5121,96.1597,96.497,96.5575,95.6664,97.1463,95.3114,95.8591,97.6804,99.0597,97.2171
100,101.596,101.565,100.213,98.0751,97.9481,95.7971,94.9629,97.6369,99.6894,99.1798,100.469,101.369,103.455,105.532,106.443,107.688,109.418,109.106,109.191,109.543,109.352,109.307,108.064,108.596,107.112,104.848,104.796,106.859,107.417,106.429,104.17,104.755,105.046,106.354,105.673,108.617,109.856,111.519,109.123,109.087,110.064,107.227,107.246,108.112,107.71,109.831,110.475,111.333,109.487,108.371,107.503,108.896,112.674,111.038,111.864,110.6,111.846,110.745,109.046,108.217,108.248,110.858,110.945,110.348,106.718,106.656,106.628,101.797,100.441,100.562,98.881,98.0274,95.8877,95.3615,92.3283,91.6591,92.732,89.3858,89.1507,88.8196,88.9415,88.6649,88.0314,88.3792,84.21,83.1777,83.9467,85.6028,84.1111,82.9965,84.5826,84.7249,84.9841,85.9557,85.5406,83.3374,82.3818,81.2461,80.5236
100,100.038,97.8231,97.2528,98.4241,97.599,100.411,98.7144,98.542,100.937,99.1811,98.68,97.3302,98.2745,97.8103,98.8153,100.274,100.818,101.501,103.101,99.5663,98.1998,99.5795,99.2798,98.2892,95.0777,94.3103,94.3306,92.3834,92.4188,93.494,90.802,89.9953,86.9593,86.7388,86.0401,87.5448,89.5497,87.6119,89.3005,88.9123,87.2177,88.4332,88.9743,87.9548,88.1684,87.2109,87.0336,85.5148,85.0254,82.6514,84.6462,85.0723,84.3067,84.0006,84.6215,85.2525,83.8385,83.2067,83.6166,84.2893,86.9019,86.7341,85.0012,87.4181,86.8491,84.9218,85.6225,86.2618,87.7741,84.3656,85.1402,84.8349,82.875,83.2833,81.8325,80.65,82.0914,82.2012,80.9775,81.8543,80.43,81.08,80.542,81.1591,83.3602,83.1973,81.3294,82.2206,83.9454,84.5777,83.8217,84.3296,84.441,85.7544,84.3777,86.2758,85.7232,85.5953,85.2747
100,100.261,99.1249,97.9608,97.4171,95.5669,93.5373,93.3859,94.7122,94.1218,93.2948,94.3026,94.8491,95.8875,96.8353,97.0593,98.9331,98.3904,98.52,95.3005,96.2753,96.2775,95.9984,98.1109,102.404,103.616,103.594,102.722,102.108,101.846,104.368,105.854,106.965,105.312,103.956,105.7,104.211,104.506,106.286,105.774,108.209,108.548,105.706,102.704,100.017,101.776,101.993,103.458,102.668,103.845,103.658,103.371,103.626,102.458,100.656,99.2572,97.2946,97.0296,94.884,96.1068,96.4644,95.6018,93.1052,93.742,94.0153,92.8888,93.413,92.5621,89.8583,90.1037,88.9762,87.0132,86.8918,88.5987,90.2232,90.3333,90.2657,90.7168,91.4666,90.8878,91.573,92.5355,92.477,92.9172,91.2353,91.5535,92.3176,91.5468,91.5075,90.2893,95.1059,97.2463,101.026,100.89,99.7327,99.0867,98.3771,96.2957,96.3626,94.3503
100,102.919,102.187,100.765,99.9426,99.9018,98.33,98.6149,97.6017,97.9096,97.7009,99.0948,96.9956,96.2615,94.6779,93.7041,94.0975,95.0343,94.6008,94.3237,93.6485,92.0775,93.034,92.8932,93.2308,95.4803,94.8718,94.0573,95.0494,95.8242,96.6378,96.1385,94.1605,93.6765,95.9365,95.6316,95.7873,96.3315,94.7022,94.3375,91.7346,92.2584,92.4155,94.2459,97.5066,97.5083,97.4116,97.6223,99.8504,97.7106,97.4409,99.0839,98.6499,100.011,99.7544,98.0152,101.776,101.938,100.044,99.7316,100.503,99.1496,97.9807,95.9602,96.9881,97.9152,98.8287,98.3164,97.8477,98.4057,98.8549,99.6727,95.7092,93.919,96.3483,95.9246,97.5351,98.1877,100.143,99.478,98.4881,99.9208,99.786,98.6687,97.7191,98.5217,99.5838,99.2352,98.2266,97.3112,98.0525,98.2294,97.9319,98.7607,98.5283,98.0092,98.0414,98.2871,97.5673,96.9648
100,98.7549,95.562,96.5988,98.3245,98.3903,96.6324,94.5984,95.2313,94.2106,93.8998,94.5501,93.8983,95.1984,96.356,95.4842,94.5584,94.6528,92.8147,96.2004,97.2341,97.6651,96.6524,97.0295,98.8713,99.9182,101.105,102.973,100.902,101.861,102.027,102.265,103.869,103.631,105.529,104.381,104.558,104.147,101.517,100.799,100.69,98.6408,96.8035,97.5562,94.1937,92.0344,94.1832,92.7546,93.2638,95.3859,94.7735,94.1047,91.2369,95.1187,93.8296,94.3068,96.2612,96.6348,96.8195,95.6152,95.5209,93.9258,92.5202,92.9039,92.4494,90.9149,90.2205,89.2116,89.7543,88.0436,91.5445,91.2048,92.7929,91.6574,90.659,92.4406,96.3953,94.2757,93.5493,91.8962,90.8755,94.3015,94.3498,94.5954,96.3699,97.5783,101.658,102.199,98.9067,98.3324,94.7051,95.0424,96.1705,93.2392,91.9474,93.2588,92.5589,92.7233,92.2773,91.4092
100,99.7368,101.577,101.4,100.799,101.194,101.471,100.582,100.734,99.645,100.225,98.699,98.4565,97.194,96.9575,97.1383,97.8025,98.0195,97.9269,95.5225,96.3528,96.5575,97.3766,98.0097,99.4433,96.7694,98.4138,99.4296,101.107,102.574,104.311,103.381,104.687,105.044,107.773,107.845,106.784,106.889,104.344,103.572,104.399,103.921,102.789,102.89,102.391,99.7427,99.5401,97.6734,97.6177,98.3722,99.1477,102.719,103.526,104.774,105.619,106.833,108.022,109.242,109.765,110.055,110.749,108.432,108.301,106.901,105.683,107.812,106.547,104.41,104.073,107.215,107.529,109.106,109.272,111.05,110.498,109.177,113.756,113.712,110.224,110.263,109.68,107.924,107.756,107.396,108.636,107.832,107.67,106.905,107.013,109.065,111.953,111.65,108.346,108.607,106.301,104.877,103.724,104.963,105.198,109.586
100,98.0985,97.0777,96.9279,95.7631,93.544,96.8263,97.5909,99.2274,100.173,99.0662,100.514,100.734,101.99,102.74,103.859,104.429,101.872,99.8878,101.761,99.7942,97.4718,96.9891,97.2486,96.5193,96.0057,97.2651,96.5173,96.9056,94.9606,94.3125,93.4883,95.036,92.8344,93.1789,93.9835,93.034,94.8452,96.0248,96.7771,95.8999,98.0907,98.4785,98.1324,94.974,94.3808,97.1871,96.7871,98.6945,98.1528,95.0388,94.6845,94.5653,95.1662,94.9993,99.1797,97.9916,98.5991,98.7943,96.9234,97.4215,97.8054,98.2563,97.7087,95.5599,94.8173,93.1218,92.3803,90.5633,90.2102,90.5979,89.9848,89.9409,90.3101,91.9889,91.7745,91.5337,88.6381,89.3656,88.195,89.0269,87.8956,87.3269,87.5454,87.0943,86.0941,88.9624,89.5472,88.7288,87.7947,87.62,87.6573,88.4052,90.0341,89.3327,91.1907,92.7304,94.144,93.233,93.1795
100,100.203,102.815,101.911,100.732,103.49,103.896,103.981,103.743,104.576,108.803,108.028,109.268,108.462,108.722,110.098,110.8,109.657,112.312,113.109,114.81,112.476,113.529,112.461,115.025,115.689,114.077,114.046,110.814,113.187,114.317,111.15,108.658,107.531,105.291,107.4,108.934,106.958,106.358,109.286,108.723,111.727,111.739,111.987,109.923,107.593,107.556,106.896,107.343,105.52,105.487,106.164,107.723,106.657,106.03,104.634,103.749,106.282,107.038,107.691,107.985,108.512,107.239,109.79,108.837,110.738,110.984,110.022,108.541,106.731,104.624,103.047,103.568,105.021,105.557,105.601,103.036,104.933,102.725,99.8515,99.4114,99.3287,100.189,99.9138,100.122,100.31,100.545,97.0908,98.5466,98.431,100.039,98.1779,97.1643,95.5471,98.9125,99.6434,100.438,100.376,99.8432,99.2781
100,100.646,101.24,100.867,101.741,98.772,99.6307,98.9411,100.466,97.3398,96.957,96.3634,97.824,100.528,99.5806,99.3548,100.873,103.67,104.255,103.896,100.732,101.68,100.412,101.088,99.6737,99.0343,100.313,100.308,100.244,100.052,99.2975,98.1646,96.7724,94.4931,93.1178,94.3156,92.2365,92.8953,91.7152,93.371,93.9534,92.9612,92.3778,93.696,93.235,92.1424,93.5495,94.3664,93.581,94.2174,93.2762,94.0527,95.4291,93.3645,94.5778,94.297,91.7092,89.8212,91.5815,92.0926,92.0781,92.991,92.5168,92.8907,93.0932,92.0535,91.0472,90.9491,91.0342,89.8324,87.9541,89.1988,89.6638,90.3341,90.9646,90.0622,88.4365,88.641,88.4093,89.4262,90.0075,93.8497,94.6306,93.0869,90.7247,91.47,91.2931,90.967,91.0171,89.5252,90.0496,90.4149,92.5588,95.3003,91.5585,91.9748,91.4417,89.0476,89.0717,91.0429
100,102.029,102.017,99.4513,98.8767,98.5994,99.9377,99.5378,97.2048,97.1899,97.0502,95.0819,93.8533,96.1872,97.3695,98.9516,97.8194,100.332,99.4655,101.122,99.5324,97.4916,96.584,96.9737,96.3948,97.6334,96.288,95.8934,96.6138,97.4812,97.1482,95.5116,96.4215,97.2605,96.1458,95.6348,98.9021,97.9171,97.7422,97.6407,100.325,102.113,100.968,100.367,97.4541,95.6994,93.87,92.6875,93.1165,95.2626,92.5718,91.3888,91.4509,89.2766,88.2154,86.8186,86.7954,87.5481,87.2467,86.5482,85.4123,83.2842,83.1943,84.9,83.5793,85.1254,84.1653,81.8674,81.4835,81.4524,80.4528,80.0982,78.8005,79.5484,76.767,76.8547,76.8941,77.4474,77.454,78.986,79.6076,79.1749,79.0389,78.416,80.3956,82.0288,83.0967,81.5301,80.4806,79.424,77.0735,78.1718,78.8895,80.076,80.5509,80.9504,79.5181,79.6989,81.2552,81.3534
100,95.1988,94.0667,93.9177,95.0361,95.1414,96.9154,94.5522,93.9489,94.976,93.4224,94.9519,96.5563,98.2199,100.706,99.1683,99.8838,101.708,100.83,101.115,103.535,106.426,107.994,106.561,108.317,108.253,109.557,108.546,108.614,106.367,107.872,110.452,109.044,111.657,114.986,113.228,112.319,110.788,110.174,110.497,108.068,107.373,107.303,110.14,108.053,105.011,104.42,105.279,106.63,106.882,104.215,104.44,104.373,104.733,106.181,105.701,104.457,104.287,106.912,106.532,107.479,109.321,109.806,109.863,110.298,112.684,111.705,111.605,107.289,110.091,110.439,113.299,111.607,111.762,111.162,112.393,114.618,114.761,115.346,116.098,112.805,111.725,110.161,111.039,111.687,112.861,113.927,112.059,110.761,110.271,111.356,110.423,107.945,107.761,109.28,109.658,108.778,106.491,105.95,106.772
100,98.6237,98.4998,98.0846,96.1779,94.4008,96.387,92.5213,92.5016,93.3342,93.273,93.0311,93.1014,92.0279,94.1229,94.4104,93.1542,93.5006,93.0459,94.7516,91.8823,90.9977,90.253,89.1811,91.3286,90.0464,89.5993,89.567,88.2437,86.7444,85.9902,85.2165,84.5331,83.5557,82.7244,81.8611,82.0156,85.0752,85.0938,84.9164,86.56,85.0722,84.9395,83.8203,87.0476,89.2216,89.4924,85.7388,84.9368,84.6446,87.2125,84.9987,84.8863,82.8027,85.0102,84.3465,83.6661,81.5455,82.5673,84.4051,84.2102,85.3514,84.2911,84.6335,84.5046,85.742,85.5807,83.6794,84.231,82.6308,82.0777,82.963,82.188,81.2479,82.7818,81.518,80.8771,82.1441,82.1218,83.4936,81.0517,79.9982,78.3838,77.5677,75.1565,75.7797,75.7422,76.0671,76.0813,77.3484,77.4686,76.0678,75.5366,74.3055,74.9046,75.2894,74.6378,76.0941,77.2179,75.6344
100,101.431,101.642,102.805,102.228,103.185,103.187,104.669,101.945,103.338,105.715,106.257,108.486,108.6,108.989,108.308,106.285,105.814,104.181,105.412,105.276,109.26,109.48,110.79,111.755,113.194,113.052,115.01,114.79,115.585,114.086,113.317,115.833,117.647,118.238,118.605,119.191,118.559,117.863,116.314,115.11,116.185,116.267,114.997,113.307,112.853,113.971,111.627,111.381,110.831,111.494,114.24,114.679,117.137,117.04,117.12,114.845,113.222,115.307,117.582,118.8,117.414,118.836,117.284,119.11,120.343,120.114,120.495,120.766,120.516,119.112,119.485,120.961,124.455,123.856,121.992,123.48,125.66,128.354,127.726,126.077,130.281,128.112,127.92,122.895,121.615,121.332,123.899,124.053,123.58,123.057,121.34,121.992,123.65,123.274,123.998,127.384,128.622,129.675,131.935
100,99.5889,99.5822,100.032,98.6201,95.4031,94.4304,94.4896,92.9471,94.6276,95.3908,94.5292,96.4019,96.07,95.2204,92.7441,93.8749,94.1156,94.8915,94.729,96.6628,96.0802,98.252,98.9402,99.6347,101.772,102.218,102.042,101.544,102.979,104.017,103.276,105.852,103.629,104.815,107.019,106.295,109.397,107.046,106.194,105.419,104.77,103.856,103.261,101.627,98.8406,96.4739,96.1135,97.583,94.2235,97.3419,97.1884,95.4153,94.6194,92.9674,92.1607,91.6233,90.6181,89.765,89.4863,89.1394,87.9941,89.6205,90.7455,89.9243,88.5128,88.0816,87.8892,90.1062,90.6861,90.3052,91.0769,91.0787,90.2728,87.9771,87.7963,88.4458,85.7133,85.4719,83.3971,82.8004,84.3741,84.0726,85.1418,83.4804,82.6944,82.7106,81.6144,81.3254,80.2869,79.2483,80.0451,80.1433,77.5779,77.4071,75.4062,75.2493,75.6922,76.7235,78.0649
100,100.838,102.371,101.267,101.494,103.391,105.171,103.804,103.954,103.94,107.727,106.836,106.843,109.385,107.298,106.9,107.315,106.859,106.042,108.081,109.614,110.906,110.653,111.303,114.956,114.38,116.554,118.753,119.268,119.23,118.919,116.316,114.519,116.163,118.978,122.41,122.864,119.86,118.456,116.099,114.965,115.071,116.398,118.921,118.674,119.668,116.698,114.959,116.126,116.046,117.063,118.128,120.749,119.972,118.516,119.618,120.589,122.411,125.816,124.495,126.852,126.102,122.275,123.565,124.227,122.175,122.886,120.582,121.219,120.056,121.32,123.212,123.5,122.43,122.104,123.172,119.671,117.289,118.69,115.994,115.608,118.06,121.598,122.314,123.889,123.781,127.351,129.716,129.461,129.667,132.012,132.433,132.417,134.286,136.777,139.721,139.525,142.503,146.496,150.235
100,103.049,104.424,106.704,107.096,105.94,104.508,102.883,99.4531,100.56,98.2626,99.8927,98.3231,98.947,97.6094,97.4438,97.739,97.935,98.106,97.1287,95.929,96.9142,99.9111,100.865,101.036,103.185,101.849,100.922,100.1,98.9101,101.385,100.991,100.83,103.816,104.934,106.156,106.946,107.398,108.003,110.613,110.066,109.252,110.553,111.788,109.749,111.732,115.666,116.515,115.4,115.971,116.176,117.912,115.694,117.673,116.505,117.731,120.404,123.152,125.249,125.599,121.927,123.134,123.42,124.062,121.566,121.39,123.62,121.529,120.823,122.949,122.993,122.748,123.714,124.089,121.899,120.341,119.786,117.88,117.209,119.927,122.334,125.072,123.976,118.02,120.333,114.964,111.581,111.161,113.221,113.635,115.266,113.02,114.716,111.33,112.356,113.298,115.666,115.292,113.403,113.323
100,101.46,101.033,97.668,95.2872,95.7296,95.5424,95.3856,95.9293,95.4875,94.5241,94.5569,96.6594,96.7299,95.8578,95.1439,95.5792,96.731,95.8787,96.3678,95.17,96.9994,95.5374,95.7132,95.9358,96.6662,95.0583,96.464,98.7533,99.4092,100.518,100.371,101.758,101.276,102.664,102.091,103.003,105.001,107.427,107.282,108.19,105.77,104.774,102.183,100.59,99.2523,96.0309,95.8378,96.8297,97.3899,97.1376,98.9241,98.118,98.1496,100.411,102.866,105.085,104.135,106.01,106.794,107.151,110.288,113.31,115.466,116.169,111.717,110.946,110.217,109.906,112.597,113.256,109.672,109.561,110.071,106.715,104.955,107.905,107.835,107.362,112.908,112.806,114.749,112.204,114.228,113.929,112.248,113.672,114.923,118.387,118.374,118.056,118.057,120.122,121.638,118.819,117.747,114.548,114.55,112.451,109.682
100,101.085,101.105,99.0017,100.725,99.1676,99.3845,100.484,101.633,100.959,100.024,97.1024,99.8908,100.856,99.6288,100.853,102.239,105.072,105.873,103.577,102.38,101.907,101.449,99.2656,101.653,100.375,98.2403,96.5541,97.2361,96.711,94.9478,92.9706,94.3664,93.6201,94.1764,94.182,94.1473,92.2397,91.755,89.8095,90.5755,91.4151,95.4306,93.9764,95.2675,93.474,91.5438,95.3688,97.0148,97.6547,98.4886,98.1706,99.8011,95.8849,95.0496,96.2502,95.2827,94.4031,96.707,97.3664,96.5577,97.4459,98.8951,96.4258,97.0527,95.7663,98.1536,97.9052,98.3531,98.6685,96.3551,96.255,97.7545,99.1766,98.6638,98.5248,97.2645,99.5143,98.9091,100.595,100.183,100.928,99.8468,98.4204,98.3794,97.5245,98.1643,98.1982,98.0492,96.3179,95.9409,94.3276,94.5335,94.8879,95.3969,97.0958,96.8466,94.8633,92.66,93.5988
100,99.92,100.421,98.9949,98.3772,98.8281,98.4897,96.6439,96.7841,100.317,102.684,103.391,105.841,107.929,110.061,109.814,109.789,109.857,109.54,109.599,112.274,112.562,111.143,111.784,113.222,112.391,113.097,114.174,110.997,111.959,111.475,112.655,114.472,113.456,114.617,113.183,114.637,111.56,112.661,112.091,111.532,110.849,112.32,113.858,116.727,116.198,120.951,120.5,118.644,115.584,113.046,111.873,112.057,110.157,108.636,109.513,110.079,109.434,109.59,110.101,109.248,108.799,111.747,111.336,111.194,113.788,111.567,112.244,113.505,117.633,120.631,120.412,123.692,120.853,119.719,117.997,121.516,118.022,117.545,116.839,114.236,115.98,117.184,116.838,116.914,115.467,115.398,115.928,116.729,117.149,117.083,121.123,122.931,122.57,122.443,120.261,120.192,119.156,119.075,115.374
100,100.304,101.57,100.851,98.6136,97.3437,97.5728,95.9087,95.2797,97.1847,98.13,99.4406,99.2132,97.5363,95.1761,95.874,94.8365,94.685,94.0203,94.3727,93.4711,92.994,92.3079,93.7619,91.7293,90.7442,90.6537,89.889,89.3125,88.8388,86.2645,85.2551,84.3847,86.0385,87.1332,88.1982,90.6372,88.6352,86.1799,88.4277,87.5351,88.9408,90.0101,88.3839,86.472,83.8814,83.4748,82.6911,80.9716,80.6727,81.9163,79.3723,80.8825,80.4779,82.0175,80.0647,78.735,80.6579,81.4565,81.6447,82.2835,82.0726,81.1911,82.3096,81.3385,79.4491,80.8336,82.0012,83.3793,84.2391,83.3787,83.4059,83.2035,84.1416,83.0088,83.375,82.0616,85.1866,86.1257,86.2996,85.8665,85.7329,86.4493,86.2789,86.2931,85.9534,85.6655,84.9973,86.7191,87.0871,88.8128,87.6015,86.269,84.6647,83.749,81.3716,81.7864,79.584,79.4631,81.5547
100,100.02,99.9899,100.715,100.946,99.848,99.2185,99.8689,97.4773,94.9994,95.7254,93.411,94.314,93.2347,92.9503,92.9723,93.4352,92.6145,92.9408,94.2432,94.0478,95.2379,93.3056,93.7516,94.2856,96.1368,95.9928,95.9328,96.1633,95.0638,99.6176,98.4562,98.6535,96.6136,97.542,94.5975,95.4858,92.0033,91.2259,90.4882,91.2435,91.9885,91.7882,92.3122,93.014,95.216,93.7943,93.2085,91.5312,92.2553,91.3115,93.6879,96.9803,98.1204,97.7654,98.8075,100.874,99.6024,101.599,99.232,99.5067,96.5743,98.0436,99.4679,102.089,103.813,104.395,103.483,101.23,102.86,105.884,105.219,104.52,105.546,105.546,106.034,104.377,106.303,105.423,108.249,107.577,108.962,110.385,109.231,109.757,108.81,108.907,106.875,105.283,104.932,101.873,100.502,98.0449,100.441,99.8932,100.394,100.94,102.42,102.979,105.501
100,96.7748,96.4986,95.7142,95.347,93.4156,92.9423,94.7979,95.8008,95.7134,95.5048,95.845,96.275,93.511,93.6223,94.6496,98.8131,98.0856,97.5645,96.7804,97.9801,98.3138,96.8589,96.141,97.3516,95.5957,94.3182,93.6844,93.9699,94.7435,93.1058,93.2365,92.9553,92.1528,91.2388,90.1846,91.407,93.3569,95.649,95.662,96.5182,96.6155,95.7891,92.8228,93.7752,93.8737,93.0273,91.4475,92.0547,91.7661,91.8004,90.141,89.3311,87.3907,88.0605,88.9456,88.4786,89.084,90.0182,89.5551,90.0061,90.1163,92.7818,90.8751,90.5278,92.8763,91.0821,88.6519,90.8,91.0733,92.867,94.2741,93.9428,93.217,93.0022,91.6095,91.85,92.4963,91.8127,92.78,90.7691,92.2389,90.7236,91.7888,89.7883,90.6792,87.6583,87.517,85.944,86.4161,86.6794,88.7332,89.5243,89.1962,89.2795,91.1855,90.7458,91.6279,90.497,88.7573
100,101.026,101.258,98.9119,100.501,97.0957,97.6483,95.9387,93.9474,94.3895,94.4013,95.0843,95.9603,96.1637,95.9184,96.9727,100.135,102.47,102.919,101.475,100.377,99.0406,97.3969,97.5525,97.6177,97.1107,95.4921,96.1553,95.801,95.2802,95.6253,96.0536,98.0642,97.9446,98.0508,101.124,101.23,102.181,100.52,102.281,104.978,103.275,104.888,103.843,103.952,102.77,103.879,105.273,101.797,101.166,103.5,105.532,105.389,106.207,105.88,105.65,106.043,105.313,109.348,110.382,108.68,111.183,113.465,110.35,109.317,108.03,109.368,108.336,110.699,111.064,110.175,110.317,110.892,110.576,111.851,111.312,110.495,111.069,111.732,108.922,109.073,108.895,106.109,106.308,106.28,106.219,107.923,108.96,109.71,110.827,109.549,109.372,109.915,109.795,107.14,104.127,104.406,101.775,101.397,102.291
100,101.623,97.9792,96.7135,94.1123,93.9684,93.6079,90.4539,90.5617,90.1054,88.5788,87.1704,87.9606,87.1059,86.945,87.5856,88.3168,86.7817,85.7063,86.25,87.4446,87.3498,86.4772,85.1125,84.171,84.4359,86.0154,85.0198,84.4283,85.016,84.4453,83.5927,81.8246,81.285,83.8883,84.9365,85.0179,84.483,83.3331,84.9636,86.3896,86.4832,85.8232,84.9269,86.4175,85.7604,86.6062,86.8266,87.932,87.2892,86.9532,87.4276,87.291,87.3877,86.9888,87.7517,87.3951,90.5736,92.9334,91.6894,91.3687,91.2558,91.3658,91.843,93.0591,94.7393,95.1978,95.8355,96.2195,96.042,96.1604,95.0906,92.9663,93.7857,93.3045,90.5003,92.7509,94.289,92.98,91.7696,92.324,92.3798,94.3586,94.3198,93.6877,92.0767,93.129,95.0205,92.7289,92.4544,91.9309,91.8198,90.229,91.2135,89.9506,89.8498,88.3421,86.7129,84.8702,83.0089
100,97.0663,95.9498,94.4547,93.0923,93.0541,94.3784,93.6838,95.5805,95.8912,94.6906,93.8191,92.5793,92.0607,88.8211,87.4269,87.4083,86.0982,87.7005,88.1233,86.5935,87.8857,88.8154,90.7159,91.2198,91.4452,89.9516,90.5187,91.3277,92.0234,91.4567,91.7059,89.3017,90.0487,91.1844,91.2642,91.7097,91.5348,90.0113,88.6301,89.9295,91.54,91.4087,91.0129,89.1186,89.0295,89.4088,88.0665,85.2571,85.9075,85.2988,86.4857,88.1116,90.1707,89.5492,90.268,89.7565,91.9458,87.5813,87.7473,84.9333,84.6944,85.6901,86.6272,88.1038,86.2226,86.0769,84.4574,83.4977,83.7196,80.9501,80.9804,81.0808,81.3957,81.6022,81.1422,80.0676,83.6086,82.7727,82.365,81.8164,80.4006,82.5173,82.9346,82.3364,82.2572,83.042,82.6444,83.2196,83.0211,82.721,82.4218,82.2385,83.3707,82.3319,81.2284,80.7007,80.9018,80.422,78.7554
100,99.1934,97.9715,99.2675,99.5625,99.7948,98.2994,99.1199,100.021,101.77,100.968,101.374,98.8328,99.6804,98.3333,96.7877,99.7142,97.7439,99.8092,101.2,101.017,99.3959,100.123,101.091,99.7901,99.9335,98.0041,97.0695,100.714,102.251,105.276,103.945,103.7,104.082,104.736,104.507,105.316,105.083,106.944,104.882,103.527,105.736,107.076,108.688,108.939,111.446,110.517,109.003,108.545,109.124,106.796,105.588,106.251,107.009,105.875,108.722,106.305,106.203,104.954,106.348,106.747,107.544,106.731,108.576,108.709,107.111,105.908,104.095,104.288,103.479,103.556,102.475,103.845,105.126,105.622,108.756,109.258,111.265,111.631,113.2,112.275,112.476,111.07,109.878,108.795,107.98,112.68,113.572,113.09,113.437,113.283,111.118,111.571,112.637,113.646,112.263,113.639,113.669,113.031,115.759
100,100.318,100.791,100.664,103.324,105.946,106.19,105.067,106.86,105.94,108.577,107.198,106.359,106.258,106.748,104.959,104.654,104.855,103.205,101.974,101.66,100.12,100.276,101.978,101.994,102.026,100.086,101.582,101.634,100.839,102.975,103.387,104.224,101.996,99.8121,100.317,99.108,96.6321,98.2821,98.7997,98.1833,98.665,98.0095,93.2667,93.2618,94.7458,98.182,97.3762,99.2492,98.8383,99.369,97.1079,98.2724,100.29,100.756,100.084,99.5695,97.624,98.0077,100.045,102.144,104.945,101.593,100.958,103.762,104.639,105.992,108.375,107.692,108.854,109.592,110.55,111.084,109.136,106.761,106.309,106.392,104.56,102.455,102.27,101.291,102.775,104.382,107.758,107.855,106.775,102.708,99.8572,99.6483,100.835,98.8432,99.3244,98.9978,97.4498,95.7407,95.9196,97.3818,97.1726,98.0646,95.9294
100,98.6818,97.616,95.5246,94.9585,92.215,93.8485,93.9621,96.5471,94.9613,92.5715,93.8985,96.153,94.6459,94.3543,92.7099,93.5156,92.9495,93.5292,93.2499,92.3891,91.4752,91.1971,91.7018,93.3388,94.676,94.8455,94.3993,93.7959,92.4137,92.5513,93.4805,93.4044,93.2701,93.6737,94.7732,95.4572,94.2843,93.6453,93.9004,94.286,94.1473,95.109,94.1356,93.81,94.5401,93.6472,92.5869,93.5379,91.5854,90.4918,91.9622,92.0594,91.0303,92.1665,90.0048,88.2365,86.7474,86.5088,88.5261,87.9315,85.2634,84.7272,83.8091,84.606,84.5959,86.1618,85.701,88.0647,88.5714,90.5825,91.8456,92.2437,93.5488,92.8276,91.5014,91.1347,90.9857,90.673,92.3101,93.6656,94.9291,96.4436,98.4779,99.3266,97.9077,97.3408,96.0286,95.4455,95.118,95.0252,93.9661,94.0068,95.7418,95.172,95.4957,95.9721,95.4535,97.3964,98.255
100,100.908,100.58,99.1897,96.7611,99.8883,102.031,102.863,104.626,103.483,100.929,99.8537,99.6534,100.22,98.6526,99.2502,96.2585,93.9155,94.2881,94.7493,96.2238,96.6869,95.1533,95.9604,97.3458,97.5324,96.4776,96.6637,95.5574,92.0235,91.4935,92.2015,92.7702,91.099,88.2651,88.9837,89.803,89.4874,90.0877,88.903,89.3283,90.0907,86.4321,86.5929,85.3149,83.5744,83.0805,83.4417,84.7453,84.9138,83.6505,85.1111,86.8102,89.0181,88.4458,89.6759,91.2652,89.8517,90.4515,89.2983,89.465,88.5375,87.466,87.9672,88.2635,87.7828,87.4155,88.7397,86.8659,85.9834,86.2971,85.7319,88.7293,89.8988,91.1858,92.27,92.1777,92.0239,90.322,92.5203,92.9868,96.2708,98.8362,95.4171,95.9881,94.3307,95.7032,96.0504,94.8766,95.1844,94.6108,97.1912,97.4081,97.0129,96.0702,94.5859,96.1638,97.5442,99.064,99.7383
100,99.4298,100.838,101.438,98.1528,100.514,97.9704,98.8687,97.5999,97.1378,94.3742,93.0057,92.7176,91.7609,92.0885,89.7413,90.2067,88.9561,88.6889,86.0084,86.222,88.7479,87.6488,87.8811,88.1789,88.3709,90.821,88.1683,88.8334,86.4683,86.4969,84.911,88.0557,88.4478,86.7353,85.161,84.1077,84.3429,84.081,84.359,86.5285,84.9102,84.5994,85.8963,86.3134,85.7458,86.0442,88.5968,89.2888,87.508,86.7203,86.0605,84.4034,84.7104,84.437,85.3221,86.6853,89.395,89.7131,88.8182,91.3735,91.8275,88.6735,90.3755,88.4486,88.1251,88.6911,88.5383,85.4442,84.9036,85.0132,85.1306,87.0565,86.6722,85.7458,86.2221,86.8149,87.5028,88.77,87.9576,86.8319,88.1943,87.5973,87.9898,86.4238,88.24,88.5657,90.3573,91.9554,90.892,90.3628,90.4637,89.1111,86.6943,85.1954,84.757,83.0785,82.7966,84.2573,82.9373
100,102.492,101.666,102.442,103.055,105.384,104.007,102.446,101.089,102.987,100.566,97.344,97.8564,99.0175,96.2183,96.6393,95.557,96.5777,96.3089,95.2002,94.5524,95.0768,95.5909,96.8,96.9108,96.4754,96.1883,95.1536,96.9464,96.1881,97.9635,97.27,95.1087,93.7157,95.4403,92.6056,91.0498,90.3673,90.2498,91.3111,92.1937,92.4173,93.5103,95.1407,94.2933,95.4619,94.8173,96.5749,95.5879,93.6506,95.0673,93.9186,92.5551,92.328,91.6245,92.0354,92.2674,93.3985,91.6615,91.5965,88.381,87.0131,86.694,85.7638,88.1835,87.9985,87.9272,88.3196,87.502,88.3436,87.8262,89.3855,88.0281,89.3379,91.2364,95.1633,96.2641,96.5008,95.9933,93.8914,94.5518,96.145,96.971,95.2939,96.4656,95.5891,98.0756,97.8607,97.431,96.367,97.1271,95.1546,95.1498,95.4718,97.4811,99.285,98.9825,99.8548,101.474,101.4
100,102.689,103.943,101.021,101.505,100.692,99.2753,100.537,102.069,104.672,103.411,103.136,106.249,105.084,106.366,105.808,107.919,108.554,109.957,109.472,106.692,106.785,108.747,111.002,109.719,109.861,111.972,111.624,111.738,112.161,112.985,112.144,113.492,114.424,115.439,114.51,112.618,113.955,111.432,110.157,110.704,112.75,113.748,112.807,111.592,111.005,109.429,107.749,106.949,105.944,105.378,105.629,106.137,106.194,102.576,100.491,102.062,101.894,102.723,103.823,104.189,106.84,107.272,109.685,107.624,109.221,110.15,110.545,111.229,110.12,110.908,110.256,110.722,109.329,109.417,108.222,108.489,108.251,104.626,105.151,107.237,108.127,108.82,111.523,111.597,112.023,114.04,111.164,111.276,110.728,109.466,108.844,110.76,112.14,112.754,114.383,114.499,113.824,115.944,113.209
100,101.546,97.8774,98.9171,100.615,99.6667,100.033,101.763,100.724,102.034,102.053,99.941,97.9012,97.8107,101.847,103.486,103.284,103.756,103.152,102.664,103.01,103.951,105.093,104.704,102.331,101.125,99.98,101.089,99.1166,99.0812,96.1418,95.3326,95.9328,96.6505,98.8205,94.5949,96.5418,97.5576,99.8751,101.964,101.477,101.644,102.874,102.46,105.315,104.254,103.984,104.78,105.463,104.961,104.332,101.07,100.654,98.8802,100.601,99.7969,101.801,102.421,101.616,100.83,98.7145,97.7033,96.5184,95.9735,97.543,97.7109,97.1091,94.2546,93.8098,92.4126,92.5168,89.5036,89.7683,90.0593,91.3303,93.371,91.827,89.967,90.7893,90.6462,91.9939,93.4921,95.7009,96.7209,95.9216,97.9705,99.0534,100.772,101.102,99.4283,97.916,95.8892,96.1603,96.4038,96.2261,96.9023,95.8071,95.5989,96.3652,97.7548
100,101.022,100.305,100.636,103.284,102.394,101.308,103.132,102.241,103.548,105.216,107.708,106.77,106.483,106.841,107.238,105.736,105.26,105.706,104.869,103.722,102.49,104.378,104.191,105.766,107.655,108.66,110.405,110.245,110.282,108.586,106.463,105.824,105.001,108.237,107.127,108.747,110.712,108.564,111.843,112.348,114.997,114.11,116.11,117.559,115.465,116.138,117.321,118.967,116.63,118.996,118.363,119.034,119.688,120.606,123.591,124.557,124.472,126.098,126.858,128.986,129.005,130.96,129.757,129.627,129.222,129.709,130.077,128.555,132.102,129.585,131.772,127.805,130.849,127.49,127.983,125.272,124.942,126.347,128.482,127.49,128.272,127.968,130.667,127.643,128.662,127.812,126.569,128.373,130.705,134.721,137.11,138.743,136.044,138.397,135.554,134.613,136.853,137.747,139.765
100,97.3678,95.5175,92.5535,92.1893,94.1017,94.8799,94.3398,94.4271,95.7025,96.6937,95.3868,94.0236,95.4831,94.8409,95.0717,95.2805,94.2012,95.4314,95.6972,95.1776,94.2243,96.4619,99.2345,98.3623,99.6614,98.4157,98.7004,96.8585,97.8258,98.7073,99.7067,100.491,101.851,98.8476,99.6034,99.6419,100.208,99.4443,97.5665,97.6516,97.7709,97.9371,95.4761,94.8505,93.854,94.2517,96.596,96.4481,97.2872,98.0573,94.3462,96.2717,96.1432,97.378,97.4046,97.4969,96.761,96.7066,95.291,94.9526,93.9764,93.2745,93.5049,94.201,93.249,90.6498,90.6633,91.7062,90.7975,90.0383,90.724,92.4352,92.3316,92.7715,92.6242,89.6593,90.0503,90.4366,92.3391,90.7655,92.3828,89.3951,89.7596,91.2106,92.7599,93.1767,95.8094,98.9021,98.9226,98.8179,101.253,103.261,102.204,101.556,99.9747,99.8733,99.4782,99.2411,97.8535
100,100.774,100.634,98.9339,98.5103,101.611,98.4761,96.1528,96.6672,96.0688,96.4767,97.4361,97.4766,101.535,101.727,103.335,104.267,102.583,104.062,104.369,105.395,106.863,107.578,103.963,101.931,102.826,103.778,100.03,100.662,101.238,101.649,98.9204,99.1285,101.603,101.917,103.408,100.144,101.602,99.5043,99.2956,97.3535,97.9329,98.3569,100.234,100.543,101.71,102.215,101.213,98.9107,96.9792,92.9151,92.9135,92.1896,92.5818,91.9582,91.1128,92.4805,93.9889,92.6795,94.3637,93.9613,93.9653,94.9861,94.5374,95.0771,93.7513,93.8263,91.7979,93.123,94.0286,90.8264,89.3597,89.9649,91.288,93.3102,94.4384,93.2425,95.4812,94.372,93.8321,95.892,97.9314,100.268,100.36,100.464,100.338,102.259,101.164,100.923,96.6593,93.2174,91.3716,92.1854,94.5237,94.3225,95.7292,94.8774,93.9218,95.3728,94.2837
100,100.684,100.117,100.615,99.3529,99.6644,100.657,102.517,103.015,107.787,104.462,107.96,108.603,108.545,106.043,104.695,109.006,109.077,109.726,110.365,110.938,110.371,112.695,112.643,110.265,110.007,107.497,107.813,107.673,108.975,112.521,111.68,111.337,112.547,111.973,109.61,109.198,109.779,111.882,111.398,109.911,111.585,111.14,112.882,110.945,111.361,112.487,111.071,112.069,111.052,107.587,107.693,108.917,110.268,109.991,112.062,115.06,115.052,114.923,116.446,117.74,118.66,116.366,116.952,114.316,113.103,112.021,112.328,110.257,109.852,109.924,106.605,106.804,107.373,110.163,108.135,108.159,106.199,106.695,108.15,104.95,103.758,101.02,101.407,100.722,101.566,101.274,100.703,100.742,100.077,97.8287,96.1252,96.2493,97.7906,98.1076,99.5158,97.9254,98.6031,95.908,96.3768
100,97.5379,99.5163,101.271,101.59,100.557,100.789,101.383,101.727,102.349,102.164,104.598,103.766,102.623,104.657,106.182,107.748,109.792,111.136,108.328,107.885,109.426,106.272,106.058,103.655,101.544,101.475,102.211,104.594,106.399,106.766,107.155,107.273,105.725,104.498,103.168,103.305,102.397,102.732,101.094,98.7689,99.5307,99.9644,98.4031,98.4087,99.2032,97.3355,97.9978,98.3206,97.74,97.6485,96.039,95.9797,99.3682,98.1107,97.9032,95.1916,96.4667,95.7011,97.2383,96.9688,97.7942,99.2761,101.201,99.6911,100.915,103.324,102.886,104.888,106.499,106.993,107.731,106.544,107.879,106.867,109.125,111.478,108.707,109.846,111.18,110.571,110.562,110.365,108.496,111.238,110.274,108.204,109.759,108.018,111.282,114.158,116.415,115.47,112.985,109.777,109.365,113.056,114.364,114.784,113.483
